scheme_label,scheme_code,scheme_detail,station_count,build_cost_wan,served_population_coverage,weighted_served_population_coverage,served_demand_coverage,average_service_access_performance,minimum_service_access_performance,capacity_safety_rate,max_station_utilization,annual_net_profit_after_policy_subsidy,profit_compliant
pareto_1,3010300000,A-大型;C-小型;E-大型,3,108.0,0.848741,0.848741,0.847617,0.724755,0.449791,0.0,1.0,-20168.4,0
pareto_2,0002020300,D-中型;F-中型;H-大型,3,109.0,0.848555,0.848555,0.847617,0.722006,0.598674,0.0,1.0,-163721.01,0
pareto_3,0202300000,B-中型;D-中型;E-大型,3,109.0,0.848293,0.848293,0.847617,0.730723,0.670681,0.0,1.0,268754.15,1
pareto_4,0300020200,B-大型;F-中型;H-中型,3,109.0,0.848074,0.848074,0.847617,0.723084,0.672403,0.0,1.0,-110473.27,0
pareto_5,3000103000,A-大型;E-小型;G-大型,3,108.0,0.847986,0.847986,0.847617,0.725536,0.578633,0.0,1.0,18615.61,0
pareto_6,3030010000,A-大型;C-大型;F-小型,3,108.0,0.847986,0.847986,0.847617,0.720551,0.578633,0.0,1.0,-227580.97,0
pareto_7,3010003000,A-大型;C-小型;G-大型,3,108.0,0.847882,0.847882,0.847617,0.726361,0.610906,0.0,1.0,60042.47,0
pareto_8,0000300103,E-大型;H-小型;J-大型,3,108.0,0.847411,0.847411,0.847617,0.733222,0.670681,0.0,1.0,393679.15,1
pareto_9,0001300003,D-小型;E-大型;J-大型,3,108.0,0.847411,0.847411,0.847617,0.733222,0.670681,0.0,1.0,393679.15,1
pareto_10,0010003003,C-小型;G-大型;J-大型,3,108.0,0.847269,0.847269,0.847617,0.737929,0.706495,0.0,1.0,628730.5,1
pareto_11,0212010000,B-中型;C-小型;D-中型;F-小型,4,100.0,0.730272,0.730272,0.726529,0.630189,0.386276,0.0,1.0,101475.73,0
pareto_12,0011010300,C-小型;D-小型;F-小型;H-大型,4,99.0,0.729926,0.729926,0.726529,0.625131,0.386276,0.0,1.0,-147084.37,0
pareto_13,0202200000,B-中型;D-中型;E-中型,3,96.0,0.729001,0.729001,0.726529,0.627087,0.447121,0.0,1.0,170238.19,0
pareto_14,3000102000,A-大型;E-小型;G-中型,3,95.0,0.728769,0.728769,0.726529,0.621312,0.44334,0.0,1.0,-109194.15,0
pareto_15,0001200300,D-小型;E-中型;H-大型,3,95.0,0.728654,0.728654,0.726529,0.622029,0.447121,0.0,1.0,-78321.92,0
pareto_16,0200020200,B-中型;F-中型;H-中型,3,96.0,0.728378,0.728378,0.726529,0.621188,0.453919,0.0,1.0,-121872.21,0
pareto_17,3010200000,A-大型;C-小型;E-中型,3,95.0,0.728206,0.728206,0.726529,0.619941,0.449791,0.0,1.0,-175799.3,0
pareto_18,3000003000,A-大型;G-大型,2,90.0,0.728194,0.728194,0.726529,0.61975,0.476048,0.0,1.0,35480.74,0
pareto_19,0000102013,E-小型;G-中型;I-小型;J-大型,4,113.0,0.728014,0.728014,0.726529,0.719537,0.628134,0.25,1.0,3996522.0,0
pareto_20,0300102010,B-大型;E-小型;G-中型;I-小型,4,113.0,0.728014,0.728014,0.726529,0.715643,0.628134,0.25,1.0,3804629.83,0
pareto_21,0000102310,E-小型;G-中型;H-大型;I-小型,4,113.0,0.728014,0.728014,0.726529,0.714171,0.628134,0.25,1.0,3731161.27,0
pareto_22,0001102300,D-小型;E-小型;G-中型;H-大型,4,113.0,0.728014,0.728014,0.726529,0.714171,0.628134,0.25,1.0,3731161.27,0
pareto_23,0003102010,D-大型;E-小型;G-中型;I-小型,4,113.0,0.728014,0.728014,0.726529,0.712615,0.628134,0.25,1.0,3654567.64,0
pareto_24,0000102003,E-小型;G-中型;J-大型,3,95.0,0.728014,0.728014,0.726529,0.632354,0.551219,0.0,1.0,433636.74,0
pareto_25,0300102000,B-大型;E-小型;G-中型,3,95.0,0.728014,0.728014,0.726529,0.62846,0.551219,0.0,1.0,241744.57,0
pareto_26,0000102300,E-小型;G-中型;H-大型,3,95.0,0.728014,0.728014,0.726529,0.626988,0.551219,0.0,1.0,168276.01,0
pareto_27,0003102000,D-大型;E-小型;G-中型,3,95.0,0.728014,0.728014,0.726529,0.625432,0.551219,0.0,1.0,91682.38,0
pareto_28,0000003013,G-大型;I-小型;J-大型,3,108.0,0.727839,0.727839,0.726529,0.717989,0.638213,0.333333,1.0,4141653.27,0
pareto_29,0100003003,B-小型;G-大型;J-大型,3,108.0,0.727839,0.727839,0.726529,0.717989,0.638213,0.333333,1.0,4141653.27,0
pareto_30,0300003010,B-大型;G-大型;I-小型,3,108.0,0.727839,0.727839,0.726529,0.714095,0.638213,0.333333,1.0,3949761.1,0
pareto_31,0000003310,G-大型;H-大型;I-小型,3,108.0,0.727839,0.727839,0.726529,0.712623,0.638213,0.333333,1.0,3876292.54,0
pareto_32,0001003300,D-小型;G-大型;H-大型,3,108.0,0.727839,0.727839,0.726529,0.712623,0.638213,0.333333,1.0,3876292.54,0
pareto_33,0003003010,D-大型;G-大型;I-小型,3,108.0,0.727839,0.727839,0.726529,0.711067,0.638213,0.333333,1.0,3799698.91,0
pareto_34,0000003003,G-大型;J-大型,2,90.0,0.727839,0.727839,0.726529,0.630806,0.560064,0.0,1.0,578610.49,1
pareto_35,0300003000,B-大型;G-大型,2,90.0,0.727839,0.727839,0.726529,0.626912,0.560064,0.0,1.0,386718.32,1
pareto_36,0000003300,G-大型;H-大型,2,90.0,0.727839,0.727839,0.726529,0.62544,0.560064,0.0,1.0,313249.76,1
pareto_37,0003003000,D-大型;G-大型,2,90.0,0.727839,0.727839,0.726529,0.623884,0.560064,0.0,1.0,236656.13,1
pareto_38,0000300013,E-大型;I-小型;J-大型,3,108.0,0.725542,0.725542,0.726529,0.713955,0.646751,0.333333,1.0,3946222.21,0
pareto_39,0100300003,B-小型;E-大型;J-大型,3,108.0,0.725542,0.725542,0.726529,0.713955,0.646751,0.333333,1.0,3946222.21,0
pareto_40,0130000003,B-小型;C-大型;J-大型,3,108.0,0.725542,0.725542,0.726529,0.711824,0.646751,0.333333,1.0,3844160.71,0
pareto_41,0000300003,E-大型;J-大型,2,90.0,0.725542,0.725542,0.726529,0.626771,0.567557,0.0,1.0,380946.46,1
pareto_42,0030000003,C-大型;J-大型,2,90.0,0.725542,0.725542,0.726529,0.624641,0.567557,0.0,1.0,278884.97,0
pareto_43,2000010030,A-中型;F-小型;I-大型,3,95.0,0.67695,0.67695,0.676671,0.579703,0.48033,0.333333,1.0,-161300.08,0
pareto_44,1100010103,A-小型;B-小型;F-小型;H-小型;J-大型,5,117.0,0.656019,0.656019,0.65221,0.628987,0.493687,0.4,1.0,2250403.56,0
pareto_45,0302010100,B-大型;D-中型;F-小型;H-小型,4,113.0,0.650804,0.650804,0.650269,0.635076,0.383113,0.5,1.0,2890622.28,0
pareto_46,0301200100,B-大型;D-小型;E-中型;H-小型,4,113.0,0.650214,0.650214,0.650269,0.638186,0.450452,0.5,1.0,3046974.17,0
pareto_47,0321000100,B-大型;C-中型;D-小型;H-小型,4,113.0,0.650214,0.650214,0.650269,0.636765,0.450452,0.5,1.0,2978933.17,0
pareto_48,0303000100,B-大型;D-大型;H-小型,3,108.0,0.647403,0.647403,0.650269,0.628705,0.0,0.666667,1.0,2802974.24,0
pareto_49,0000101003,E-小型;G-小型;J-大型,3,81.0,0.610356,0.610356,0.605441,0.527386,0.27561,0.0,1.0,267967.89,0
pareto_50,0300101000,B-大型;E-小型;G-小型,3,81.0,0.610356,0.610356,0.605441,0.523492,0.27561,0.0,1.0,76075.71,0
pareto_51,0000101300,E-小型;G-小型;H-大型,3,81.0,0.610356,0.610356,0.605441,0.52202,0.27561,0.0,1.0,2607.15,0
pareto_52,0003101000,D-大型;E-小型;G-小型,3,81.0,0.610356,0.610356,0.605441,0.520464,0.27561,0.0,1.0,-73986.48,0
pareto_53,0112010000,B-小型;C-小型;D-中型;F-小型,4,86.0,0.608815,0.608815,0.605441,0.525844,0.35018,0.0,1.0,-29068.62,0
pareto_54,0000002003,G-中型;J-大型,2,77.0,0.60842,0.60842,0.605441,0.526106,0.373376,0.0,1.0,427422.35,1
pareto_55,0300002000,B-大型;G-中型,2,77.0,0.60842,0.60842,0.605441,0.522212,0.373376,0.0,1.0,235530.18,1
pareto_56,0000002300,G-中型;H-大型,2,77.0,0.60842,0.60842,0.605441,0.52074,0.373376,0.0,1.0,162061.62,1
pareto_57,0003002000,D-大型;G-中型,2,77.0,0.60842,0.60842,0.605441,0.519185,0.373376,0.0,1.0,85467.99,1
pareto_58,0010010102,C-小型;F-小型;H-小型;J-中型,4,86.0,0.608348,0.608348,0.605441,0.527435,0.386276,0.0,1.0,50073.88,0
pareto_59,0011010002,C-小型;D-小型;F-小型;J-中型,4,86.0,0.608348,0.608348,0.605441,0.527435,0.386276,0.0,1.0,50073.88,0
pareto_60,0010010003,C-小型;F-小型;J-大型,3,81.0,0.607521,0.607521,0.605441,0.526237,0.386276,0.0,1.0,213668.05,0
pareto_61,0013010000,C-小型;D-大型;F-小型,3,81.0,0.607521,0.607521,0.605441,0.520676,0.386276,0.0,1.0,-61038.09,0
pareto_62,0100210102,B-小型;E-中型;F-小型;H-小型;J-中型,5,118.0,0.607076,0.607076,0.605441,0.596987,0.511764,0.4,1.0,2225431.76,0
pareto_63,0101210002,B-小型;D-小型;E-中型;F-小型;J-中型,5,118.0,0.607076,0.607076,0.605441,0.596987,0.511764,0.4,1.0,2225431.76,0
pareto_64,0100200102,B-小型;E-中型;H-小型;J-中型,4,100.0,0.607076,0.607076,0.605441,0.591901,0.500452,0.25,1.0,2712771.33,0
pareto_65,0101200002,B-小型;D-小型;E-中型;J-中型,4,100.0,0.607076,0.607076,0.605441,0.591901,0.500452,0.25,1.0,2712771.33,0
pareto_66,0000200102,E-中型;H-小型;J-中型,3,82.0,0.607076,0.607076,0.605441,0.524334,0.447121,0.0,1.0,118836.33,0
pareto_67,0001200002,D-小型;E-中型;J-中型,3,82.0,0.607076,0.607076,0.605441,0.524334,0.447121,0.0,1.0,118836.33,0
pareto_68,1000002020,A-小型;G-中型;I-中型,3,82.0,0.606358,0.606358,0.605441,0.521596,0.463281,0.0,1.0,-13024.32,0
pareto_69,0000210013,E-中型;F-小型;I-小型;J-大型,4,113.0,0.606249,0.606249,0.605441,0.595788,0.511764,0.5,1.0,2389676.44,0
pareto_70,0000210103,E-中型;F-小型;H-小型;J-大型,4,113.0,0.606249,0.606249,0.605441,0.595788,0.511764,0.5,1.0,2389676.44,0
pareto_71,0001200103,D-小型;E-中型;H-小型;J-大型,4,113.0,0.606249,0.606249,0.605441,0.595788,0.511764,0.5,1.0,2389676.44,0
pareto_72,0001210003,D-小型;E-中型;F-小型;J-大型,4,113.0,0.606249,0.606249,0.605441,0.595788,0.511764,0.5,1.0,2389676.44,0
pareto_73,0010200013,C-小型;E-中型;I-小型;J-大型,4,113.0,0.606249,0.606249,0.605441,0.595788,0.511764,0.5,1.0,2389676.44,0
pareto_74,0100200013,B-小型;E-中型;I-小型;J-大型,4,113.0,0.606249,0.606249,0.605441,0.595788,0.511764,0.5,1.0,2389676.44,0
pareto_75,0100210003,B-小型;E-中型;F-小型;J-大型,4,113.0,0.606249,0.606249,0.605441,0.595788,0.511764,0.5,1.0,2389676.44,0
pareto_76,1000210003,A-小型;E-中型;F-小型;J-大型,4,113.0,0.606249,0.606249,0.605441,0.595788,0.511764,0.5,1.0,2389676.44,0
pareto_77,0100002003,B-小型;G-中型;J-大型,3,95.0,0.606249,0.606249,0.605441,0.593099,0.516613,0.333333,1.0,2996185.61,0
pareto_78,0003210010,D-大型;E-中型;F-小型;I-小型,4,113.0,0.606249,0.606249,0.605441,0.590228,0.511764,0.5,1.0,2114970.3,0
pareto_79,0013200010,C-小型;D-大型;E-中型;I-小型,4,113.0,0.606249,0.606249,0.605441,0.590228,0.511764,0.5,1.0,2114970.3,0
pareto_80,1003210000,A-小型;D-大型;E-中型;F-小型,4,113.0,0.606249,0.606249,0.605441,0.590228,0.511764,0.5,1.0,2114970.3,0
pareto_81,0000200003,E-中型;J-大型,2,77.0,0.606249,0.606249,0.605441,0.523135,0.447121,0.0,1.0,282430.5,0
pareto_82,0003200000,D-大型;E-中型,2,77.0,0.606249,0.606249,0.605441,0.517575,0.447121,0.0,1.0,7724.37,0
pareto_83,2000003000,A-中型;G-大型,2,77.0,0.605788,0.605788,0.605441,0.517366,0.476048,0.0,1.0,1169.61,0
pareto_84,1000010030,A-小型;F-小型;I-大型,3,81.0,0.605724,0.605724,0.605441,0.518639,0.48033,0.0,1.0,-159585.73,0
pareto_85,0001102102,D-小型;E-小型;G-中型;H-小型;J-中型,5,118.0,0.60482,0.60482,0.605441,0.599437,0.536717,0.4,1.0,2352611.6,0
pareto_86,0100102012,B-小型;E-小型;G-中型;I-小型;J-中型,5,118.0,0.60482,0.60482,0.605441,0.599437,0.536717,0.4,1.0,2352611.6,0
pareto_87,0100112002,B-小型;E-小型;F-小型;G-中型;J-中型,5,118.0,0.60482,0.60482,0.605441,0.599437,0.536717,0.4,1.0,2352611.6,0
pareto_88,1000102012,A-小型;E-小型;G-中型;I-小型;J-中型,5,118.0,0.60482,0.60482,0.605441,0.599437,0.536717,0.4,1.0,2352611.6,0
pareto_89,0200102010,B-中型;E-小型;G-中型;I-小型,4,100.0,0.60482,0.60482,0.605441,0.596841,0.520287,0.25,1.0,2963683.48,0
pareto_90,0001010122,D-小型;F-小型;H-小型;I-中型;J-中型,5,118.0,0.60482,0.60482,0.605441,0.595745,0.536717,0.4,1.0,2168258.85,0
pareto_91,0001003102,D-小型;G-大型;H-小型;J-中型,4,113.0,0.604644,0.604644,0.605441,0.597889,0.536717,0.5,1.0,2497742.87,0
pareto_92,0100003012,B-小型;G-大型;I-小型;J-中型,4,113.0,0.604644,0.604644,0.605441,0.597889,0.536717,0.5,1.0,2497742.87,0
pareto_93,0100013002,B-小型;F-小型;G-大型;J-中型,4,113.0,0.604644,0.604644,0.605441,0.597889,0.536717,0.5,1.0,2497742.87,0
pareto_94,0100103002,B-小型;E-小型;G-大型;J-中型,4,113.0,0.604644,0.604644,0.605441,0.597889,0.536717,0.5,1.0,2497742.87,0
pareto_95,1000003012,A-小型;G-大型;I-小型;J-中型,4,113.0,0.604644,0.604644,0.605441,0.597889,0.536717,0.5,1.0,2497742.87,0
pareto_96,0100003002,B-小型;G-大型;J-中型,3,95.0,0.604644,0.604644,0.605441,0.597889,0.536717,0.333333,1.0,3236742.87,0
pareto_97,0001000132,D-小型;H-小型;I-大型;J-中型,4,113.0,0.604644,0.604644,0.605441,0.592418,0.536717,0.5,1.0,2228099.13,0
pareto_98,0100010032,B-小型;F-小型;I-大型;J-中型,4,113.0,0.604644,0.604644,0.605441,0.592418,0.536717,0.5,1.0,2228099.13,0
pareto_99,0100000032,B-小型;I-大型;J-中型,3,95.0,0.604644,0.604644,0.605441,0.592418,0.536717,0.333333,1.0,2967099.13,0
pareto_100,1200001201,A-小型;B-中型;G-小型;H-中型;J-小型,5,118.0,0.569302,0.569302,0.563281,0.561423,0.212738,0.6,1.0,2520715.41,0
pareto_101,2000010020,A-中型;F-小型;I-中型,3,82.0,0.556442,0.556442,0.555582,0.476419,0.32022,0.333333,1.0,-241223.4,0
pareto_102,0000310012,E-大型;F-小型;I-小型;J-中型,4,113.0,0.555577,0.555577,0.555582,0.515564,0.413781,0.75,1.0,436908.6,0
pareto_103,0000300012,E-大型;I-小型;J-中型,3,95.0,0.555577,0.555577,0.555582,0.515564,0.413781,0.666667,1.0,1175908.6,0
pareto_104,0000310002,E-大型;F-小型;J-中型,3,95.0,0.555577,0.555577,0.555582,0.515564,0.413781,0.666667,1.0,1175908.6,0
pareto_105,2000310000,A-中型;E-大型;F-小型,3,95.0,0.555577,0.555577,0.555582,0.513292,0.413781,0.666667,1.0,1064052.06,0
pareto_106,0200310000,B-中型;E-大型;F-小型,3,95.0,0.555577,0.555577,0.555582,0.512417,0.413781,0.666667,1.0,1020442.27,0
pareto_107,0000310210,E-大型;F-小型;H-中型;I-小型,4,113.0,0.555577,0.555577,0.555582,0.507521,0.413781,0.75,1.0,39775.63,0
pareto_108,0002310010,D-中型;E-大型;F-小型;I-小型,4,113.0,0.555577,0.555577,0.555582,0.507521,0.413781,0.75,1.0,39775.63,0
pareto_109,0000300210,E-大型;H-中型;I-小型,3,95.0,0.555577,0.555577,0.555582,0.507521,0.413781,0.666667,1.0,778775.63,0
pareto_110,0000310200,E-大型;F-小型;H-中型,3,95.0,0.555577,0.555577,0.555582,0.507521,0.413781,0.666667,1.0,778775.63,0
pareto_111,0002300010,D-中型;E-大型;I-小型,3,95.0,0.555577,0.555577,0.555582,0.507521,0.413781,0.666667,1.0,778775.63,0
pareto_112,0002310000,D-中型;E-大型;F-小型,3,95.0,0.555577,0.555577,0.555582,0.507521,0.413781,0.666667,1.0,778775.63,0
pareto_113,2000000030,A-中型;I-大型,2,77.0,0.555577,0.555577,0.555582,0.473591,0.359809,0.5,1.0,-156826.69,0
pareto_114,0100010103,B-小型;F-小型;H-小型;J-大型,4,99.0,0.552565,0.552565,0.547298,0.525203,0.427444,0.5,1.0,1715399.19,0
pareto_115,0000001003,G-小型;J-大型,2,63.0,0.489001,0.489001,0.484353,0.421407,0.186688,0.0,1.0,276734.22,0
pareto_116,0300001000,B-大型;G-小型,2,63.0,0.489001,0.489001,0.484353,0.417513,0.186688,0.0,1.0,84842.05,0
pareto_117,0000001300,G-小型;H-大型,2,63.0,0.489001,0.489001,0.484353,0.416041,0.186688,0.0,1.0,11373.49,0
pareto_118,0003001000,D-大型;G-小型,2,63.0,0.489001,0.489001,0.484353,0.414485,0.186688,0.0,1.0,-65220.14,0
pareto_119,0000101101,E-小型;G-小型;H-小型;J-小型,4,72.0,0.488637,0.488637,0.484353,0.422908,0.27561,0.0,1.0,-90791.28,0
pareto_120,0001101001,D-小型;E-小型;G-小型;J-小型,4,72.0,0.488637,0.488637,0.484353,0.422908,0.27561,0.0,1.0,-90791.28,0
pareto_121,0100101100,B-小型;E-小型;G-小型;H-小型,4,72.0,0.488637,0.488637,0.484353,0.42158,0.27561,0.0,1.0,-156383.15,0
pareto_122,0101101000,B-小型;D-小型;E-小型;G-小型,4,72.0,0.488637,0.488637,0.484353,0.42158,0.27561,0.0,1.0,-156383.15,0
pareto_123,0102100000,B-小型;D-中型;E-小型,3,68.0,0.488251,0.488251,0.484353,0.419106,0.22356,0.0,1.0,-58322.12,0
pareto_124,0100010200,B-小型;F-小型;H-中型,3,68.0,0.487939,0.487939,0.484353,0.414664,0.226959,0.0,1.0,-278112.15,0
pareto_125,0000101002,E-小型;G-小型;J-中型,3,68.0,0.487162,0.487162,0.484353,0.421817,0.27561,0.0,1.0,78285.86,0
pareto_126,0200101000,B-中型;E-小型;G-小型,3,68.0,0.487162,0.487162,0.484353,0.419221,0.27561,0.0,1.0,-49642.26,0
pareto_127,0000101200,E-小型;G-小型;H-中型,3,68.0,0.487162,0.487162,0.484353,0.418239,0.27561,0.0,1.0,-98621.3,0
pareto_128,0002101000,D-中型;E-小型;G-小型,3,68.0,0.487162,0.487162,0.484353,0.417202,0.27561,0.0,1.0,-149683.72,0
pareto_129,0000100003,E-小型;J-大型,2,63.0,0.486957,0.486957,0.484353,0.419499,0.22356,0.0,1.0,184414.54,0
pareto_130,0003100000,D-大型;E-小型,2,63.0,0.486957,0.486957,0.484353,0.413938,0.22356,0.0,1.0,-90291.59,0
pareto_131,0000002101,G-中型;H-小型;J-小型,3,68.0,0.486701,0.486701,0.484353,0.421628,0.362837,0.0,1.0,68663.19,0
pareto_132,0001002001,D-小型;G-中型;J-小型,3,68.0,0.486701,0.486701,0.484353,0.421628,0.362837,0.0,1.0,68663.19,0
pareto_133,2000002000,A-中型;G-中型,2,64.0,0.485462,0.485462,0.484353,0.413167,0.317365,0.0,1.0,-124346.17,0
pareto_134,0001012102,D-小型;F-小型;G-中型;H-小型;J-中型,5,118.0,0.485226,0.485226,0.484353,0.478659,0.425475,0.6,1.0,888768.85,0
pareto_135,0101002102,B-小型;D-小型;G-中型;H-小型;J-中型,5,118.0,0.485226,0.485226,0.484353,0.478659,0.425475,0.6,1.0,888768.85,0
pareto_136,1000012012,A-小型;F-小型;G-中型;I-小型;J-中型,5,118.0,0.485226,0.485226,0.484353,0.478659,0.425475,0.6,1.0,888768.85,0
pareto_137,1010002012,A-小型;C-小型;G-中型;I-小型;J-中型,5,118.0,0.485226,0.485226,0.484353,0.478659,0.425475,0.6,1.0,888768.85,0
pareto_138,0201012100,B-中型;D-小型;F-小型;G-中型;H-小型,5,118.0,0.485226,0.485226,0.484353,0.476063,0.425475,0.6,1.0,760840.73,0
pareto_139,1200012010,A-小型;B-中型;F-小型;G-中型;I-小型,5,118.0,0.485226,0.485226,0.484353,0.476063,0.425475,0.6,1.0,760840.73,0
pareto_140,1201002100,A-小型;B-中型;D-小型;G-中型;H-小型,5,118.0,0.485226,0.485226,0.484353,0.476063,0.425475,0.6,1.0,760840.73,0
pareto_141,1210002010,A-小型;B-中型;C-小型;G-中型;I-小型,5,118.0,0.485226,0.485226,0.484353,0.476063,0.425475,0.6,1.0,760840.73,0
pareto_142,0200002010,B-中型;G-中型;I-小型,3,82.0,0.485226,0.485226,0.484353,0.476063,0.425475,0.333333,1.0,2238840.73,0
pareto_143,1000012210,A-小型;F-小型;G-中型;H-中型;I-小型,5,118.0,0.485226,0.485226,0.484353,0.475082,0.425475,0.6,1.0,711861.69,0
pareto_144,1001012200,A-小型;D-小型;F-小型;G-中型;H-中型,5,118.0,0.485226,0.485226,0.484353,0.475082,0.425475,0.6,1.0,711861.69,0
pareto_145,1010002210,A-小型;C-小型;G-中型;H-中型;I-小型,5,118.0,0.485226,0.485226,0.484353,0.475082,0.425475,0.6,1.0,711861.69,0
pareto_146,0001002200,D-小型;G-中型;H-中型,3,82.0,0.485226,0.485226,0.484353,0.475082,0.425475,0.333333,1.0,2189861.69,0
pareto_147,1002012010,A-小型;D-中型;F-小型;G-中型;I-小型,5,118.0,0.485226,0.485226,0.484353,0.474045,0.425475,0.6,1.0,660799.27,0
pareto_148,1012002010,A-小型;C-小型;D-中型;G-中型;I-小型,5,118.0,0.485226,0.485226,0.484353,0.474045,0.425475,0.6,1.0,660799.27,0
pareto_149,0000002002,G-中型;J-中型,2,64.0,0.485226,0.485226,0.484353,0.420537,0.373376,0.0,1.0,237740.33,1
pareto_150,0200002000,B-中型;G-中型,2,64.0,0.485226,0.485226,0.484353,0.417941,0.373376,0.0,1.0,109812.21,1
pareto_151,0000002200,G-中型;H-中型,2,64.0,0.485226,0.485226,0.484353,0.41696,0.373376,0.0,1.0,60833.17,0
pareto_152,0002002000,D-中型;G-中型,2,64.0,0.485226,0.485226,0.484353,0.415923,0.373376,0.0,1.0,9770.75,0
pareto_153,0011010102,C-小型;D-小型;F-小型;H-小型;J-中型,5,104.0,0.484966,0.484966,0.484353,0.479072,0.431167,0.4,1.0,1427532.6,0
pareto_154,0010010002,C-小型;F-小型;J-中型,3,68.0,0.484966,0.484966,0.484353,0.420949,0.378371,0.0,1.0,37201.85,0
pareto_155,0000010003,F-小型;J-大型,2,63.0,0.484472,0.484472,0.484353,0.415375,0.336201,0.0,1.0,-17809.04,0
pareto_156,0003010000,D-大型;F-小型,2,63.0,0.484472,0.484472,0.484353,0.410941,0.336201,0.0,1.0,-236872.12,0
pareto_157,0300010000,B-大型;F-小型,2,63.0,0.484472,0.484472,0.484353,0.409463,0.336201,0.0,1.0,-309585.58,0
pareto_158,0000300011,E-大型;I-小型;J-小型,3,81.0,0.484351,0.484351,0.484353,0.458018,0.413781,0.333333,1.0,1351349.65,0
pareto_159,0100300010,B-小型;E-大型;I-小型,3,81.0,0.484351,0.484351,0.484353,0.456036,0.413781,0.333333,1.0,1253464.15,0
pareto_160,0000310001,E-大型;F-小型;J-小型,3,81.0,0.484351,0.484351,0.484353,0.453659,0.413781,0.333333,1.0,1136194.09,0
pareto_161,0000300110,E-大型;H-小型;I-小型,3,81.0,0.484351,0.484351,0.484353,0.452954,0.413781,0.333333,1.0,1101304.79,0
pareto_162,0001300010,D-小型;E-大型;I-小型,3,81.0,0.484351,0.484351,0.484353,0.452954,0.413781,0.333333,1.0,1101304.79,0
pareto_163,1000310000,A-小型;E-大型;F-小型,3,81.0,0.484351,0.484351,0.484353,0.452228,0.413781,0.333333,1.0,1065766.41,0
pareto_164,0100310000,B-小型;E-大型;F-小型,3,81.0,0.484351,0.484351,0.484353,0.451677,0.413781,0.333333,1.0,1038308.59,0
pareto_165,0000310100,E-大型;F-小型;H-小型,3,81.0,0.484351,0.484351,0.484353,0.448595,0.413781,0.333333,1.0,886149.23,0
pareto_166,0001310000,D-小型;E-大型;F-小型,3,81.0,0.484351,0.484351,0.484353,0.448595,0.413781,0.333333,1.0,886149.23,0
pareto_167,1000000030,A-小型;I-大型,2,63.0,0.484351,0.484351,0.484353,0.412528,0.359809,0.0,1.0,-155112.34,0
pareto_168,0001210102,D-小型;E-中型;F-小型;H-小型;J-中型,5,118.0,0.483694,0.483694,0.484353,0.47597,0.431167,0.6,1.0,758481.47,0
pareto_169,0101200102,B-小型;D-小型;E-中型;H-小型;J-中型,5,118.0,0.483694,0.483694,0.484353,0.47597,0.431167,0.6,1.0,758481.47,0
pareto_170,1000210012,A-小型;E-中型;F-小型;I-小型;J-中型,5,118.0,0.483694,0.483694,0.484353,0.47597,0.431167,0.6,1.0,758481.47,0
pareto_171,1000210102,A-小型;E-中型;F-小型;H-小型;J-中型,5,118.0,0.483694,0.483694,0.484353,0.47597,0.431167,0.6,1.0,758481.47,0
pareto_172,1001200102,A-小型;D-小型;E-中型;H-小型;J-中型,5,118.0,0.483694,0.483694,0.484353,0.47597,0.431167,0.6,1.0,758481.47,0
pareto_173,1001210002,A-小型;D-小型;E-中型;F-小型;J-中型,5,118.0,0.483694,0.483694,0.484353,0.47597,0.431167,0.6,1.0,758481.47,0
pareto_174,1010200012,A-小型;C-小型;E-中型;I-小型;J-中型,5,118.0,0.483694,0.483694,0.484353,0.47597,0.431167,0.6,1.0,758481.47,0
pareto_175,0000210102,E-中型;F-小型;H-小型;J-中型,4,100.0,0.483694,0.483694,0.484353,0.47597,0.431167,0.5,1.0,1497481.47,0
pareto_176,0001200102,D-小型;E-中型;H-小型;J-中型,4,100.0,0.483694,0.483694,0.484353,0.47597,0.431167,0.5,1.0,1497481.47,0
pareto_177,0001210002,D-小型;E-中型;F-小型;J-中型,4,100.0,0.483694,0.483694,0.484353,0.47597,0.431167,0.5,1.0,1497481.47,0
pareto_178,0100200012,B-小型;E-中型;I-小型;J-中型,4,100.0,0.483694,0.483694,0.484353,0.47597,0.431167,0.5,1.0,1497481.47,0
pareto_179,0100210002,B-小型;E-中型;F-小型;J-中型,4,100.0,0.483694,0.483694,0.484353,0.47597,0.431167,0.5,1.0,1497481.47,0
pareto_180,1000200012,A-小型;E-中型;I-小型;J-中型,4,100.0,0.483694,0.483694,0.484353,0.47597,0.431167,0.5,1.0,1497481.47,0
pareto_181,0121000102,B-小型;C-中型;D-小型;H-小型;J-中型,5,118.0,0.483694,0.483694,0.484353,0.474549,0.431167,0.6,1.0,690440.47,0
pareto_182,1021000102,A-小型;C-中型;D-小型;H-小型;J-中型,5,118.0,0.483694,0.483694,0.484353,0.474549,0.431167,0.6,1.0,690440.47,0
pareto_183,0021000102,C-中型;D-小型;H-小型;J-中型,4,100.0,0.483694,0.483694,0.484353,0.474549,0.431167,0.5,1.0,1429440.47,0
pareto_184,0120010002,B-小型;C-中型;F-小型;J-中型,4,100.0,0.483694,0.483694,0.484353,0.474549,0.431167,0.5,1.0,1429440.47,0
pareto_185,0100002002,B-小型;G-中型;J-中型,3,82.0,0.483694,0.483694,0.484353,0.473281,0.431167,0.333333,1.0,2103990.64,0
pareto_186,0100200002,B-小型;E-中型;J-中型,3,82.0,0.483694,0.483694,0.484353,0.470884,0.431167,0.333333,1.0,1984821.04,0
pareto_187,0120000002,B-小型;C-中型;J-中型,3,82.0,0.483694,0.483694,0.484353,0.469464,0.431167,0.333333,1.0,1916780.04,0
pareto_188,0100000022,B-小型;I-中型;J-中型,3,82.0,0.483694,0.483694,0.484353,0.467589,0.431167,0.333333,1.0,1823332.09,0
pareto_189,0000200002,E-中型;J-中型,2,64.0,0.483694,0.483694,0.484353,0.417848,0.378371,0.0,1.0,105964.31,0
pareto_190,0020000002,C-中型;J-中型,2,64.0,0.483694,0.483694,0.484353,0.416427,0.378371,0.0,1.0,37923.31,0
pareto_191,0000310010,E-大型;F-小型;I-小型,3,81.0,0.451847,0.451847,0.450671,0.418347,0.0,0.666667,1.0,745063.13,0
pareto_192,0010310000,C-小型;E-大型;F-小型,3,81.0,0.451847,0.451847,0.450671,0.418347,0.0,0.666667,1.0,745063.13,0
pareto_193,1021000002,A-小型;C-中型;D-小型;J-中型,4,100.0,0.444962,0.444962,0.444937,0.424208,0.279467,0.75,1.0,529647.69,0
pareto_194,2000010010,A-中型;F-小型;I-小型,3,68.0,0.435933,0.435933,0.434494,0.373136,0.16011,0.333333,1.0,-320646.71,0
pareto_195,0000200012,E-中型;I-小型;J-中型,3,82.0,0.434487,0.434487,0.434494,0.399423,0.275854,0.666667,1.0,461379.97,0
pareto_196,0000210002,E-中型;F-小型;J-中型,3,82.0,0.434487,0.434487,0.434494,0.399423,0.275854,0.666667,1.0,461379.97,0
pareto_197,2000210000,A-中型;E-中型;F-小型,3,82.0,0.434487,0.434487,0.434494,0.397151,0.275854,0.666667,1.0,349523.43,0
pareto_198,0200210000,B-中型;E-中型;F-小型,3,82.0,0.434487,0.434487,0.434494,0.396276,0.275854,0.666667,1.0,305913.64,0
pareto_199,0000200210,E-中型;H-中型;I-小型,3,82.0,0.434487,0.434487,0.434494,0.39138,0.275854,0.666667,1.0,64247.0,0
pareto_200,0000210200,E-中型;F-小型;H-中型,3,82.0,0.434487,0.434487,0.434494,0.39138,0.275854,0.666667,1.0,64247.0,0
pareto_201,0002200010,D-中型;E-中型;I-小型,3,82.0,0.434487,0.434487,0.434494,0.39138,0.275854,0.666667,1.0,64247.0,0
pareto_202,0002210000,D-中型;E-中型;F-小型,3,82.0,0.434487,0.434487,0.434494,0.39138,0.275854,0.666667,1.0,64247.0,0
pareto_203,2000000020,A-中型;I-中型,2,64.0,0.434487,0.434487,0.434494,0.370684,0.239873,0.5,1.0,-218062.4,0
pareto_204,0100010003,B-小型;F-小型;J-大型,3,81.0,0.429773,0.429773,0.42621,0.405937,0.356653,0.666667,1.0,1072941.13,0
pareto_205,0100001003,B-小型;G-小型;J-大型,3,81.0,0.429773,0.429773,0.42621,0.404678,0.356653,0.666667,1.0,1004261.07,0
pareto_206,0100100003,B-小型;E-小型;J-大型,3,81.0,0.429773,0.429773,0.42621,0.404678,0.356653,0.666667,1.0,1004261.07,0
pareto_207,1013010000,A-小型;C-小型;D-大型;F-小型,4,99.0,0.429773,0.429773,0.42621,0.402671,0.356653,0.75,1.0,172573.86,0
pareto_208,1013100000,A-小型;C-小型;D-大型;E-小型,4,99.0,0.429773,0.429773,0.42621,0.401412,0.356653,0.75,1.0,103893.8,0
pareto_209,1003100000,A-小型;D-大型;E-小型,3,81.0,0.429773,0.429773,0.42621,0.401412,0.356653,0.666667,1.0,842893.8,0
pareto_210,0100000013,B-小型;I-小型;J-大型,3,81.0,0.429773,0.429773,0.42621,0.400902,0.356653,0.666667,1.0,798220.89,0
pareto_211,0110000003,B-小型;C-小型;J-大型,3,81.0,0.429773,0.429773,0.42621,0.400902,0.356653,0.666667,1.0,798220.89,0
pareto_212,1000010300,A-小型;F-小型;H-大型,3,81.0,0.429773,0.429773,0.42621,0.400637,0.356653,0.666667,1.0,810673.05,0
pareto_213,1013000000,A-小型;C-小型;D-大型,3,81.0,0.429773,0.429773,0.42621,0.397635,0.356653,0.666667,1.0,636853.62,0
pareto_214,2011010200,A-中型;C-小型;D-小型;F-小型;H-中型,5,118.0,0.413321,0.413321,0.410033,0.391395,0.267745,0.8,1.0,-145931.8,0
pareto_215,2011100200,A-中型;C-小型;D-小型;E-小型;H-中型,5,118.0,0.413321,0.413321,0.410033,0.390136,0.267745,0.8,1.0,-214611.85,0
pareto_216,2012010010,A-中型;C-小型;D-中型;F-小型;I-小型,5,118.0,0.413321,0.413321,0.410033,0.388201,0.267745,0.8,1.0,-331218.79,0
pareto_217,2010010210,A-中型;C-小型;F-小型;H-中型;I-小型,5,118.0,0.413321,0.413321,0.410033,0.386674,0.267745,0.8,1.0,-406966.64,0
pareto_218,0301000000,B-大型;D-小型,2,63.0,0.40772,0.40772,0.408092,0.348436,0.0,0.5,1.0,-256413.73,0
pareto_219,3000000000,A-大型,1,45.0,0.369582,0.369582,0.363265,0.304328,0.0,0.0,1.0,-260800.28,0
pareto_220,0000001101,G-小型;H-小型;J-小型,3,54.0,0.367282,0.367282,0.363265,0.316929,0.186688,0.0,1.0,-82024.95,0
pareto_221,0001001001,D-小型;G-小型;J-小型,3,54.0,0.367282,0.367282,0.363265,0.316929,0.186688,0.0,1.0,-82024.95,0
pareto_222,0100001100,B-小型;G-小型;H-小型,3,54.0,0.367282,0.367282,0.363265,0.315601,0.186688,0.0,1.0,-147616.82,0
pareto_223,0101001000,B-小型;D-小型;G-小型,3,54.0,0.367282,0.367282,0.363265,0.315601,0.186688,0.0,1.0,-147616.82,0
pareto_224,0000100101,E-小型;H-小型;J-小型,3,54.0,0.366741,0.366741,0.363265,0.315446,0.22356,0.0,1.0,-155006.48,0
pareto_225,0001100001,D-小型;E-小型;J-小型,3,54.0,0.366741,0.366741,0.363265,0.315446,0.22356,0.0,1.0,-155006.48,0
pareto_226,0000001002,G-小型;J-中型,2,50.0,0.365807,0.365807,0.363265,0.315838,0.186688,0.0,1.0,87052.19,0
pareto_227,0200001000,B-中型;G-小型,2,50.0,0.365807,0.365807,0.363265,0.313242,0.186688,0.0,1.0,-40875.92,0
pareto_228,0000001200,G-小型;H-中型,2,50.0,0.365807,0.365807,0.363265,0.312261,0.186688,0.0,1.0,-89854.96,0
pareto_229,0002001000,D-中型;G-小型,2,50.0,0.365807,0.365807,0.363265,0.311223,0.186688,0.0,1.0,-140917.38,0
pareto_230,0101100100,B-小型;D-小型;E-小型;H-小型,4,72.0,0.3645,0.3645,0.363265,0.357135,0.255882,0.25,1.0,1165028.89,0
pareto_231,0000100002,E-小型;J-中型,2,50.0,0.364402,0.364402,0.363265,0.314211,0.22356,0.0,1.0,7948.35,0
pareto_232,0002100000,D-中型;E-小型,2,50.0,0.364402,0.364402,0.363265,0.310504,0.22356,0.0,1.0,-175189.07,0
pareto_233,0100010100,B-小型;F-小型;H-小型,3,54.0,0.364189,0.364189,0.363265,0.310594,0.226959,0.0,1.0,-392436.11,0
pareto_234,0000101001,E-小型;G-小型;J-小型,3,54.0,0.363968,0.363968,0.363265,0.316247,0.235498,0.0,1.0,-110896.17,0
pareto_235,0000010011,F-小型;I-小型;J-小型,3,54.0,0.363968,0.363968,0.363265,0.314038,0.235498,0.0,1.0,-221467.12,0
pareto_236,0001010101,D-小型;F-小型;H-小型;J-小型,4,72.0,0.363297,0.363297,0.363265,0.355438,0.300229,0.25,1.0,1082825.79,0
pareto_237,0001010001,D-小型;F-小型;J-小型,3,54.0,0.363297,0.363297,0.363265,0.311846,0.263466,0.0,1.0,-329890.74,0
pareto_238,0000200011,E-中型;I-小型;J-小型,3,68.0,0.363261,0.363261,0.363265,0.341877,0.275854,0.333333,1.0,636821.02,0
pareto_239,0100200010,B-小型;E-中型;I-小型,3,68.0,0.363261,0.363261,0.363265,0.339896,0.275854,0.333333,1.0,538935.53,0
pareto_240,0000210001,E-中型;F-小型;J-小型,3,68.0,0.363261,0.363261,0.363265,0.337518,0.275854,0.333333,1.0,421665.46,0
pareto_241,0000200110,E-中型;H-小型;I-小型,3,68.0,0.363261,0.363261,0.363265,0.336813,0.275854,0.333333,1.0,386776.16,0
pareto_242,0001200010,D-小型;E-中型;I-小型,3,68.0,0.363261,0.363261,0.363265,0.336813,0.275854,0.333333,1.0,386776.16,0
pareto_243,1000210000,A-小型;E-中型;F-小型,3,68.0,0.363261,0.363261,0.363265,0.336088,0.275854,0.333333,1.0,351237.79,0
pareto_244,0100210000,B-小型;E-中型;F-小型,3,68.0,0.363261,0.363261,0.363265,0.335536,0.275854,0.333333,1.0,323779.97,0
pareto_245,0000210100,E-中型;F-小型;H-小型,3,68.0,0.363261,0.363261,0.363265,0.332454,0.275854,0.333333,1.0,171620.6,0
pareto_246,0001210000,D-小型;E-中型;F-小型,3,68.0,0.363261,0.363261,0.363265,0.332454,0.275854,0.333333,1.0,171620.6,0
pareto_247,1000000020,A-小型;I-中型,2,50.0,0.363261,0.363261,0.363265,0.30962,0.239873,0.0,1.0,-216348.05,0
pareto_248,0000010002,F-小型;J-中型,2,50.0,0.363229,0.363229,0.363265,0.311793,0.280679,0.0,1.0,-111092.36,0
pareto_249,0002010000,D-中型;F-小型,2,50.0,0.363229,0.363229,0.363265,0.308837,0.280679,0.0,1.0,-257134.42,0
pareto_250,0200010000,B-中型;F-小型,2,50.0,0.363229,0.363229,0.363265,0.307851,0.280679,0.0,1.0,-305610.05,0
pareto_251,0000210010,E-中型;F-小型;I-小型,3,68.0,0.330758,0.330758,0.329583,0.302207,0.0,0.666667,1.0,30534.51,0
pareto_252,0010210000,C-小型;E-中型;F-小型,3,68.0,0.330758,0.330758,0.329583,0.302207,0.0,0.666667,1.0,30534.51,0
pareto_253,0000110012,E-小型;F-小型;I-小型;J-中型,4,86.0,0.313397,0.313397,0.313406,0.283282,0.137927,0.75,1.0,-991648.65,0
pareto_254,0010100012,C-小型;E-小型;I-小型;J-中型,4,86.0,0.313397,0.313397,0.313406,0.283282,0.137927,0.75,1.0,-991648.65,0
pareto_255,0000100012,E-小型;I-小型;J-中型,3,68.0,0.313397,0.313397,0.313406,0.283282,0.137927,0.666667,1.0,-252648.65,0
pareto_256,0000110002,E-小型;F-小型;J-中型,3,68.0,0.313397,0.313397,0.313406,0.283282,0.137927,0.666667,1.0,-252648.65,0
pareto_257,2000110000,A-中型;E-小型;F-小型,3,68.0,0.313397,0.313397,0.313406,0.28101,0.137927,0.666667,1.0,-364505.19,0
pareto_258,0200110000,B-中型;E-小型;F-小型,3,68.0,0.313397,0.313397,0.313406,0.280135,0.137927,0.666667,1.0,-408114.98,0
pareto_259,0000110210,E-小型;F-小型;H-中型;I-小型,4,86.0,0.313397,0.313397,0.313406,0.27524,0.137927,0.75,1.0,-1388781.62,0
pareto_260,0002110010,D-中型;E-小型;F-小型;I-小型,4,86.0,0.313397,0.313397,0.313406,0.27524,0.137927,0.75,1.0,-1388781.62,0
pareto_261,0010100210,C-小型;E-小型;H-中型;I-小型,4,86.0,0.313397,0.313397,0.313406,0.27524,0.137927,0.75,1.0,-1388781.62,0
pareto_262,0012100010,C-小型;D-中型;E-小型;I-小型,4,86.0,0.313397,0.313397,0.313406,0.27524,0.137927,0.75,1.0,-1388781.62,0
pareto_263,0000100210,E-小型;H-中型;I-小型,3,68.0,0.313397,0.313397,0.313406,0.27524,0.137927,0.666667,1.0,-649781.62,0
pareto_264,0000110200,E-小型;F-小型;H-中型,3,68.0,0.313397,0.313397,0.313406,0.27524,0.137927,0.666667,1.0,-649781.62,0
pareto_265,0002100010,D-中型;E-小型;I-小型,3,68.0,0.313397,0.313397,0.313406,0.27524,0.137927,0.666667,1.0,-649781.62,0
pareto_266,0002110000,D-中型;E-小型;F-小型,3,68.0,0.313397,0.313397,0.313406,0.27524,0.137927,0.666667,1.0,-649781.62,0
pareto_267,2000000010,A-中型;I-小型,2,50.0,0.313397,0.313397,0.313406,0.267777,0.119936,0.5,1.0,-278798.11,0
pareto_268,1001010002,A-小型;D-小型;F-小型;J-中型,4,86.0,0.309437,0.309437,0.305122,0.289089,0.237769,0.75,1.0,-415532.31,0
pareto_269,0100010002,B-小型;F-小型;J-中型,3,68.0,0.309437,0.309437,0.305122,0.289089,0.237769,0.666667,1.0,323467.69,0
pareto_270,0100001002,B-小型;G-小型;J-中型,3,68.0,0.309437,0.309437,0.305122,0.28783,0.237769,0.666667,1.0,254787.63,0
pareto_271,0100100002,B-小型;E-小型;J-中型,3,68.0,0.309437,0.309437,0.305122,0.28783,0.237769,0.666667,1.0,254787.63,0
pareto_272,1012010010,A-小型;C-小型;D-中型;F-小型;I-小型,5,104.0,0.309437,0.309437,0.305122,0.286911,0.237769,0.8,1.0,-1262110.49,0
pareto_273,1002010010,A-小型;D-中型;F-小型;I-小型,4,86.0,0.309437,0.309437,0.305122,0.286911,0.237769,0.75,1.0,-523110.49,0
pareto_274,1012101000,A-小型;C-小型;D-中型;E-小型;G-小型,5,104.0,0.309437,0.309437,0.305122,0.285652,0.237769,0.8,1.0,-1330790.55,0
pareto_275,1002101000,A-小型;D-中型;E-小型;G-小型,4,86.0,0.309437,0.309437,0.305122,0.285652,0.237769,0.75,1.0,-591790.55,0
pareto_276,1012001000,A-小型;C-小型;D-中型;G-小型,4,86.0,0.309437,0.309437,0.305122,0.285652,0.237769,0.75,1.0,-591790.55,0
pareto_277,1002001000,A-小型;D-中型;G-小型,3,68.0,0.309437,0.309437,0.305122,0.285652,0.237769,0.666667,1.0,147209.45,0
pareto_278,1010010210,A-小型;C-小型;F-小型;H-中型;I-小型,5,104.0,0.309437,0.309437,0.305122,0.285555,0.237769,0.8,1.0,-1329377.7,0
pareto_279,1011010200,A-小型;C-小型;D-小型;F-小型;H-中型,5,104.0,0.309437,0.309437,0.305122,0.285555,0.237769,0.8,1.0,-1329377.7,0
pareto_280,1000010210,A-小型;F-小型;H-中型;I-小型,4,86.0,0.309437,0.309437,0.305122,0.285555,0.237769,0.75,1.0,-590377.7,0
pareto_281,1001010200,A-小型;D-小型;F-小型;H-中型,4,86.0,0.309437,0.309437,0.305122,0.285555,0.237769,0.75,1.0,-590377.7,0
pareto_282,1010010200,A-小型;C-小型;F-小型;H-中型,4,86.0,0.309437,0.309437,0.305122,0.285555,0.237769,0.75,1.0,-590377.7,0
pareto_283,1010101200,A-小型;C-小型;E-小型;G-小型;H-中型,5,104.0,0.309437,0.309437,0.305122,0.284296,0.237769,0.8,1.0,-1398057.75,0
pareto_284,1011100200,A-小型;C-小型;D-小型;E-小型;H-中型,5,104.0,0.309437,0.309437,0.305122,0.284296,0.237769,0.8,1.0,-1398057.75,0
pareto_285,1000101200,A-小型;E-小型;G-小型;H-中型,4,86.0,0.309437,0.309437,0.305122,0.284296,0.237769,0.75,1.0,-659057.75,0
pareto_286,1001100200,A-小型;D-小型;E-小型;H-中型,4,86.0,0.309437,0.309437,0.305122,0.284296,0.237769,0.75,1.0,-659057.75,0
pareto_287,1010001200,A-小型;C-小型;G-小型;H-中型,4,86.0,0.309437,0.309437,0.305122,0.284296,0.237769,0.75,1.0,-659057.75,0
pareto_288,1010100200,A-小型;C-小型;E-小型;H-中型,4,86.0,0.309437,0.309437,0.305122,0.284296,0.237769,0.75,1.0,-659057.75,0
pareto_289,1000001200,A-小型;G-小型;H-中型,3,68.0,0.309437,0.309437,0.305122,0.284296,0.237769,0.666667,1.0,79942.25,0
pareto_290,1000100200,A-小型;E-小型;H-中型,3,68.0,0.309437,0.309437,0.305122,0.284296,0.237769,0.666667,1.0,79942.25,0
pareto_291,0100000012,B-小型;I-小型;J-中型,3,68.0,0.309437,0.309437,0.305122,0.284053,0.237769,0.666667,1.0,48747.46,0
pareto_292,0110000002,B-小型;C-小型;J-中型,3,68.0,0.309437,0.309437,0.305122,0.284053,0.237769,0.666667,1.0,48747.46,0
pareto_293,1012000010,A-小型;C-小型;D-中型;I-小型,4,86.0,0.309437,0.309437,0.305122,0.281876,0.237769,0.75,1.0,-797830.72,0
pareto_294,1002000010,A-小型;D-中型;I-小型,3,68.0,0.309437,0.309437,0.305122,0.281876,0.237769,0.666667,1.0,-58830.72,0
pareto_295,1010000210,A-小型;C-小型;H-中型;I-小型,4,86.0,0.309437,0.309437,0.305122,0.28052,0.237769,0.75,1.0,-865097.93,0
pareto_296,1011000200,A-小型;C-小型;D-小型;H-中型,4,86.0,0.309437,0.309437,0.305122,0.28052,0.237769,0.75,1.0,-865097.93,0
pareto_297,1000000210,A-小型;H-中型;I-小型,3,68.0,0.309437,0.309437,0.305122,0.28052,0.237769,0.666667,1.0,-126097.93,0
pareto_298,1010000200,A-小型;C-小型;H-中型,3,68.0,0.309437,0.309437,0.305122,0.28052,0.237769,0.666667,1.0,-126097.93,0
pareto_299,2000000000,A-中型,1,32.0,0.246388,0.246388,0.242176,0.202885,0.0,0.0,1.0,-247866.85,0
pareto_300,1000001000,A-小型;G-小型,2,36.0,0.242731,0.242731,0.242176,0.206583,0.158683,0.0,1.0,-283173.09,0
pareto_301,0001001100,D-小型;G-小型;H-小型,3,54.0,0.242613,0.242613,0.242176,0.237541,0.212738,0.333333,1.0,504430.85,0
pareto_302,0000001001,G-小型;J-小型,2,36.0,0.242613,0.242613,0.242176,0.210269,0.186688,0.0,1.0,-102129.84,0
pareto_303,0100001000,B-小型;G-小型,2,36.0,0.242613,0.242613,0.242176,0.208971,0.186688,0.0,1.0,-166093.89,0
pareto_304,0000001100,G-小型;H-小型,2,36.0,0.242613,0.242613,0.242176,0.20848,0.186688,0.0,1.0,-190583.41,0
pareto_305,0001001000,D-小型;G-小型,2,36.0,0.242613,0.242613,0.242176,0.207961,0.186688,0.0,1.0,-216114.62,0
pareto_306,0000100001,E-小型;J-小型,2,36.0,0.241847,0.241847,0.242176,0.208924,0.189186,0.0,1.0,-168017.85,0
pareto_307,0010000001,C-小型;J-小型,2,36.0,0.241847,0.241847,0.242176,0.208214,0.189186,0.0,1.0,-202038.34,0
pareto_308,0000110010,E-小型;F-小型;I-小型,3,54.0,0.209668,0.209668,0.208495,0.186066,0.0,0.666667,1.0,-683494.12,0
pareto_309,0000111000,E-小型;F-小型;G-小型,3,54.0,0.209668,0.209668,0.208495,0.186066,0.0,0.666667,1.0,-683494.12,0
pareto_310,0010110000,C-小型;E-小型;F-小型,3,54.0,0.209668,0.209668,0.208495,0.186066,0.0,0.666667,1.0,-683494.12,0
pareto_311,0100000001,B-小型;J-小型,2,36.0,0.20867,0.20867,0.208495,0.178799,0.0,0.5,1.0,-303779.29,0
pareto_312,1010010111,A-小型;C-小型;F-小型;H-小型;I-小型;J-小型,6,108.0,0.189101,0.189101,0.184034,0.17224,0.118884,0.833333,1.0,-2642505.75,0
pareto_313,1011010011,A-小型;C-小型;D-小型;F-小型;I-小型;J-小型,6,108.0,0.189101,0.189101,0.184034,0.17224,0.118884,0.833333,1.0,-2642505.75,0
pareto_314,1000010111,A-小型;F-小型;H-小型;I-小型;J-小型,5,90.0,0.189101,0.189101,0.184034,0.17224,0.118884,0.8,1.0,-1903505.75,0
pareto_315,1001010011,A-小型;D-小型;F-小型;I-小型;J-小型,5,90.0,0.189101,0.189101,0.184034,0.17224,0.118884,0.8,1.0,-1903505.75,0
pareto_316,0100010001,B-小型;F-小型;J-小型,3,54.0,0.189101,0.189101,0.184034,0.17224,0.118884,0.666667,1.0,-425505.75,0
pareto_317,1010101101,A-小型;C-小型;E-小型;G-小型;H-小型;J-小型,6,108.0,0.189101,0.189101,0.184034,0.170982,0.118884,0.833333,1.0,-2711185.81,0
pareto_318,1011101001,A-小型;C-小型;D-小型;E-小型;G-小型;J-小型,6,108.0,0.189101,0.189101,0.184034,0.170982,0.118884,0.833333,1.0,-2711185.81,0
pareto_319,1000101101,A-小型;E-小型;G-小型;H-小型;J-小型,5,90.0,0.189101,0.189101,0.184034,0.170982,0.118884,0.8,1.0,-1972185.81,0
pareto_320,1001101001,A-小型;D-小型;E-小型;G-小型;J-小型,5,90.0,0.189101,0.189101,0.184034,0.170982,0.118884,0.8,1.0,-1972185.81,0
pareto_321,1010001101,A-小型;C-小型;G-小型;H-小型;J-小型,5,90.0,0.189101,0.189101,0.184034,0.170982,0.118884,0.8,1.0,-1972185.81,0
pareto_322,1011001001,A-小型;C-小型;D-小型;G-小型;J-小型,5,90.0,0.189101,0.189101,0.184034,0.170982,0.118884,0.8,1.0,-1972185.81,0
pareto_323,1000001101,A-小型;G-小型;H-小型;J-小型,4,72.0,0.189101,0.189101,0.184034,0.170982,0.118884,0.75,1.0,-1233185.81,0
pareto_324,1001001001,A-小型;D-小型;G-小型;J-小型,4,72.0,0.189101,0.189101,0.184034,0.170982,0.118884,0.75,1.0,-1233185.81,0
pareto_325,0100001001,B-小型;G-小型;J-小型,3,54.0,0.189101,0.189101,0.184034,0.170982,0.118884,0.666667,1.0,-494185.81,0
pareto_326,0100100001,B-小型;E-小型;J-小型,3,54.0,0.189101,0.189101,0.184034,0.170982,0.118884,0.666667,1.0,-494185.81,0
pareto_327,1011010100,A-小型;C-小型;D-小型;F-小型;H-小型,5,90.0,0.189101,0.189101,0.184034,0.170474,0.118884,0.8,1.0,-1990928.44,0
pareto_328,1001010100,A-小型;D-小型;F-小型;H-小型,4,72.0,0.189101,0.189101,0.184034,0.170474,0.118884,0.75,1.0,-1251928.44,0
pareto_329,1011100100,A-小型;C-小型;D-小型;E-小型;H-小型,5,90.0,0.189101,0.189101,0.184034,0.169215,0.118884,0.8,1.0,-2059608.5,0
pareto_330,1001100100,A-小型;D-小型;E-小型;H-小型,4,72.0,0.189101,0.189101,0.184034,0.169215,0.118884,0.75,1.0,-1320608.5,0
pareto_331,1010000111,A-小型;C-小型;H-小型;I-小型;J-小型,5,90.0,0.189101,0.189101,0.184034,0.167205,0.118884,0.8,1.0,-2178225.98,0
pareto_332,1011000011,A-小型;C-小型;D-小型;I-小型;J-小型,5,90.0,0.189101,0.189101,0.184034,0.167205,0.118884,0.8,1.0,-2178225.98,0
pareto_333,1000000111,A-小型;H-小型;I-小型;J-小型,4,72.0,0.189101,0.189101,0.184034,0.167205,0.118884,0.75,1.0,-1439225.98,0
pareto_334,1001000011,A-小型;D-小型;I-小型;J-小型,4,72.0,0.189101,0.189101,0.184034,0.167205,0.118884,0.75,1.0,-1439225.98,0
pareto_335,0100000011,B-小型;I-小型;J-小型,3,54.0,0.189101,0.189101,0.184034,0.167205,0.118884,0.666667,1.0,-700225.98,0
pareto_336,0110000001,B-小型;C-小型;J-小型,3,54.0,0.189101,0.189101,0.184034,0.167205,0.118884,0.666667,1.0,-700225.98,0
pareto_337,1011000100,A-小型;C-小型;D-小型;H-小型,4,72.0,0.189101,0.189101,0.184034,0.165438,0.118884,0.75,1.0,-1526648.67,0
pareto_338,1000000000,A-小型,1,18.0,0.123194,0.123194,0.121088,0.101443,0.0,0.0,1.0,-234433.43,0
