figure_id,title_cn,source_module,input_files,output_png,output_pdf,output_svg,recommended_location,reason,data_rows,data_columns,status
rq2_01,服务站拓扑布局与覆盖关系图,RQ2,/Users/lifulin/Desktop/B/Solutions/RQ2/outputs/2_1_best_scheme_summary.csv; /Users/lifulin/Desktop/B/Solutions/RQ2/outputs/2_1_best_scheme_stations.csv; /Users/lifulin/Desktop/B/data/附件4：小区间距离矩阵.xlsx,,pdf/rq2_01_topology_layout.pdf,,main_text,展示服务站选址和规模配置；图注明确说明为拓扑布局而非真实地图。,10,3,generated
rq2_02,小区—服务站唯一主站服务承接图,RQ2,/Users/lifulin/Desktop/B/Solutions/RQ2/outputs/2_1_best_scheme_allocations.csv,,pdf/rq2_02_service_flow.pdf,,main_text,Plotly 静态导出失败时自动回退为 Matplotlib 条形图，仍保持唯一主站承接口径。,10,18,generated
rq2_03,RQ2 不同方案覆盖率指标对比,RQ2,/Users/lifulin/Desktop/B/Solutions/RQ2/outputs/2_1_best_scheme_summary.csv; /Users/lifulin/Desktop/B/Solutions/RQ2/outputs/2_1_safe_scheme_summary.csv,,pdf/rq2_03_coverage_compare.pdf,,main_text,自动剔除数值完全重复的方案，仅保留有区分度的覆盖率比较。,8,3,generated
rq2_04,各服务站容量利用率与安全阈值,RQ2,/Users/lifulin/Desktop/B/Solutions/RQ2/outputs/2_1_best_scheme_stations.csv,,,,table_better,全部站点利用率几乎一致，单独柱状图信息量不足，建议在正文文字或表格中直接说明。,3,19,skipped_table_better
rq2_05,各小区服务可及绩效与满意度,RQ2,/Users/lifulin/Desktop/B/Solutions/RQ2/outputs/2_1_best_scheme_allocations.csv,,pdf/rq2_05_access_performance.pdf,,appendix,用于展示社区层面的服务可及差异，并叠加满意度辅助解释。,10,17,generated
rq2_06,各服务站年度收支结构与净利润,RQ2,/Users/lifulin/Desktop/B/Solutions/RQ2/outputs/2_1_best_scheme_stations.csv,,pdf/rq2_06_financial_structure.pdf,,appendix,用于补充站点级财务差异；若正文版面紧张，建议置于附录。,3,7,generated
rq2_07,RQ2 Pareto 前沿：净利润与平均服务可及绩效,RQ2,/Users/lifulin/Desktop/B/Solutions/RQ2/outputs/2_2_pareto_frontier.csv,,pdf/rq2_07_pareto_profit_vs_access.pdf,,appendix,用于补充说明问题2在容量安全、利润合规约束下的布局权衡，属于扩展分析图，不替代主结论图。,338,16,generated
rq2_08,最低可及绩效阈值变化下的可行方案与绩效,RQ2,/Users/lifulin/Desktop/B/Solutions/RQ2/outputs/2_2_epsilon_constraint_summary.csv,,pdf/rq2_08_epsilon_constraint.pdf,,appendix,将最低可及绩效阈值提高后可行空间快速缩小，同时可直观看到最低可及性门槛对代表方案绩效的牵引，属于扩展分析图，不替代主结论图。,5,17,generated
rq2_09,容量瓶颈候选方案最低可及绩效对比,RQ2,/Users/lifulin/Desktop/B/Solutions/RQ2/outputs/2_2_capacity_bottleneck_top20.csv,,pdf/rq2_09_capacity_bottleneck.pdf,,appendix,从容量约束最紧的候选方案中筛出代表样本，辅助解释为什么部分布局在最低可及绩效底线下仍受容量卡住。,10,10,generated
