scenario,station,scale,selected_prices_by_service,selected_price_satisfaction_by_service,station_average_price_satisfaction,station_average_service_satisfaction,station_minimum_service_access_performance,annual_revenue,annual_government_subsidy,annual_direct_cost,annual_fixed_cost,annual_depreciation,annual_total_cost,annual_net_profit,profit_rate,profit_compliant,break_even_gap,over_8pct_excess,candidate_rank_within_station
S0,A,大型,助餐:10.00|日间照料:22.00|上门护理:30.00|康复理疗:28.00|助浴:25.00|紧急救助:0.00,助餐:1.00|日间照料:0.90|上门护理:1.00|康复理疗:1.00|助浴:1.00|紧急救助:1.00,0.983333,0.825667,0.825667,18373861.95,949000.0,17466146.62,1606000.0,22500.0,19094646.62,228215.34,0.011952,1,0.0,0.0,1
S0,A,大型,助餐:11.00|日间照料:20.00|上门护理:30.00|康复理疗:28.00|助浴:25.00|紧急救助:0.00,助餐:0.90|日间照料:1.00|上门护理:1.00|康复理疗:1.00|助浴:1.00|紧急救助:1.00,0.983333,0.825667,0.825667,18316732.25,949000.0,17552723.53,1606000.0,22500.0,19181223.53,84508.72,0.004406,1,0.0,0.0,2
S0,A,大型,助餐:10.00|日间照料:22.00|上门护理:30.00|康复理疗:28.00|助浴:27.50|紧急救助:0.00,助餐:1.00|日间照料:0.90|上门护理:1.00|康复理疗:1.00|助浴:0.90|紧急救助:1.00,0.966667,0.817333,0.817333,18188417.24,949000.0,17401386.61,1606000.0,22500.0,19029886.61,107530.63,0.005651,1,0.0,0.0,3
S0,A,大型,助餐:10.00|日间照料:22.00|上门护理:30.00|康复理疗:30.80|助浴:25.00|紧急救助:0.00,助餐:1.00|日间照料:0.90|上门护理:1.00|康复理疗:0.90|助浴:1.00|紧急救助:1.00,0.966667,0.817333,0.817333,18313234.31,949000.0,17342168.7,1606000.0,22500.0,18970668.7,291565.61,0.015369,1,0.0,0.0,4
S0,A,大型,助餐:10.00|日间照料:22.00|上门护理:33.00|康复理疗:28.00|助浴:25.00|紧急救助:0.00,助餐:1.00|日间照料:0.90|上门护理:0.90|康复理疗:1.00|助浴:1.00|紧急救助:1.00,0.966667,0.817333,0.817333,18188417.24,949000.0,17237198.43,1606000.0,22500.0,18865698.43,271718.81,0.014403,1,0.0,0.0,5
S0,A,大型,助餐:11.00|日间照料:20.00|上门护理:30.00|康复理疗:30.80|助浴:25.00|紧急救助:0.00,助餐:0.90|日间照料:1.00|上门护理:1.00|康复理疗:0.90|助浴:1.00|紧急救助:1.00,0.966667,0.817333,0.817333,18268656.78,949000.0,17437650.68,1606000.0,22500.0,19066150.68,151506.1,0.007946,1,0.0,0.0,6
S0,A,大型,助餐:11.00|日间照料:20.00|上门护理:33.00|康复理疗:28.00|助浴:25.00|紧急救助:0.00,助餐:0.90|日间照料:1.00|上门护理:0.90|康复理疗:1.00|助浴:1.00|紧急救助:1.00,0.966667,0.817333,0.817333,18143839.72,949000.0,17330465.33,1606000.0,22500.0,18958965.33,133874.39,0.007061,1,0.0,0.0,7
S0,A,大型,助餐:11.00|日间照料:22.00|上门护理:30.00|康复理疗:28.00|助浴:25.00|紧急救助:0.00,助餐:0.90|日间照料:0.90|上门护理:1.00|康复理疗:1.00|助浴:1.00|紧急救助:1.00,0.966667,0.817333,0.817333,18500459.9,949000.0,17275066.92,1606000.0,22500.0,18903566.92,545892.99,0.028878,1,0.0,0.0,8
S0,A,大型,助餐:10.00|日间照料:24.00|上门护理:30.00|康复理疗:28.00|助浴:25.00|紧急救助:0.00,助餐:1.00|日间照料:0.75|上门护理:1.00|康复理疗:1.00|助浴:1.00|紧急救助:1.00,0.958333,0.813167,0.813167,18450497.07,949000.0,17182810.72,1606000.0,22500.0,18811310.72,588186.35,0.031268,1,0.0,0.0,9
S0,A,大型,助餐:12.00|日间照料:20.00|上门护理:30.00|康复理疗:28.00|助浴:25.00|紧急救助:0.00,助餐:0.75|日间照料:1.00|上门护理:1.00|康复理疗:1.00|助浴:1.00|紧急救助:1.00,0.958333,0.813167,0.813167,18361796.52,949000.0,17369221.28,1606000.0,22500.0,18997721.28,313075.24,0.01648,1,0.0,0.0,10
S0,A,大型,助餐:11.00|日间照料:26.00|上门护理:36.00|康复理疗:30.80|助浴:45.00|紧急救助:0.00,助餐:0.90|日间照料:0.60|上门护理:0.75|康复理疗:0.90|助浴:0.60|紧急救助:1.00,0.791667,0.729833,0.729833,17268223.38,949000.0,15888018.27,1606000.0,22500.0,17516518.27,700705.11,0.040003,1,0.0,0.0,11
S0,A,大型,助餐:11.00|日间照料:22.00|上门护理:54.00|康复理疗:36.40|助浴:45.00|紧急救助:0.00,助餐:0.90|日间照料:0.90|上门护理:0.60|康复理疗:0.60|助浴:0.60|紧急救助:1.00,0.766667,0.717333,0.717333,16565582.66,949000.0,15212541.19,1606000.0,22500.0,16841041.19,673541.47,0.039994,1,0.0,0.0,12
S0,A,大型,助餐:12.00|日间照料:20.00|上门护理:54.00|康复理疗:30.80|助浴:45.00|紧急救助:0.00,助餐:0.75|日间照料:1.00|上门护理:0.60|康复理疗:0.90|助浴:0.60|紧急救助:1.00,0.808333,0.738167,0.738167,16780978.35,949000.0,15419742.8,1606000.0,22500.0,17048242.8,681735.55,0.039989,1,0.0,0.0,13
S0,A,大型,助餐:10.00|日间照料:24.00|上门护理:54.00|康复理疗:36.40|助浴:45.00|紧急救助:0.00,助餐:1.00|日间照料:0.75|上门护理:0.60|康复理疗:0.60|助浴:0.60|紧急救助:1.00,0.758333,0.713167,0.713167,16508256.9,949000.0,15157044.42,1606000.0,22500.0,16785544.42,671712.47,0.040017,1,0.0,0.0,14
S0,A,大型,助餐:12.00|日间照料:22.00|上门护理:30.00|康复理疗:33.60|助浴:25.00|紧急救助:0.00,助餐:0.75|日间照料:0.90|上门护理:1.00|康复理疗:0.75|助浴:1.00|紧急救助:1.00,0.9,0.784,0.784,18284724.93,949000.0,16865785.13,1606000.0,22500.0,18494285.13,739439.8,0.039982,1,0.0,0.0,15
S0,A,大型,助餐:11.00|日间照料:24.00|上门护理:54.00|康复理疗:36.40|助浴:32.50|紧急救助:0.00,助餐:0.90|日间照料:0.75|上门护理:0.60|康复理疗:0.60|助浴:0.60|紧急救助:1.00,0.741667,0.704833,0.704833,16584450.62,949000.0,15230190.24,1606000.0,22500.0,16858690.24,674760.37,0.040024,1,0.0,0.0,16
S0,A,大型,助餐:13.00|日间照料:22.00|上门护理:30.00|康复理疗:42.00|助浴:37.50|紧急救助:0.00,助餐:0.60|日间照料:0.90|上门护理:1.00|康复理疗:0.60|助浴:0.60|紧急救助:1.00,0.783333,0.725667,0.725667,17533755.6,949000.0,16142846.89,1606000.0,22500.0,17771346.89,711408.71,0.040031,1,0.0,0.0,17
S0,A,大型,助餐:10.00|日间照料:26.00|上门护理:36.00|康复理疗:30.80|助浴:27.50|紧急救助:0.00,助餐:1.00|日间照料:0.60|上门护理:0.75|康复理疗:0.90|助浴:0.90|紧急救助:1.00,0.858333,0.763167,0.763167,17765543.96,949000.0,16366829.32,1606000.0,22500.0,17995329.32,719214.64,0.039967,1,0.0,0.0,18
S0,A,大型,助餐:10.00|日间照料:24.00|上门护理:30.00|康复理疗:42.00|助浴:50.00|紧急救助:0.00,助餐:1.00|日间照料:0.75|上门护理:1.00|康复理疗:0.60|助浴:0.60|紧急救助:1.00,0.825,0.7465,0.7465,17507850.9,949000.0,16119111.52,1606000.0,22500.0,17747611.52,709239.38,0.039963,1,0.0,0.0,19
S0,A,大型,助餐:10.00|日间照料:22.00|上门护理:39.00|康复理疗:50.40|助浴:45.00|紧急救助:0.00,助餐:1.00|日间照料:0.90|上门护理:0.60|康复理疗:0.60|助浴:0.60|紧急救助:1.00,0.783333,0.725667,0.725667,17035072.73,949000.0,15664507.91,1606000.0,22500.0,17293007.91,691064.82,0.039962,1,0.0,0.0,20
S0,A,大型,助餐:10.00|日间照料:22.00|上门护理:30.00|康复理疗:30.80|助浴:27.50|紧急救助:0.00,助餐:1.00|日间照料:0.90|上门护理:1.00|康复理疗:0.90|助浴:0.90|紧急救助:1.00,0.95,0.809,0.809,18126516.99,949000.0,17279099.18,1606000.0,22500.0,18907599.18,167917.81,0.008881,1,0.0,0.0,21
S0,A,大型,助餐:10.00|日间照料:22.00|上门护理:33.00|康复理疗:28.00|助浴:27.50|紧急救助:0.00,助餐:1.00|日间照料:0.90|上门护理:0.90|康复理疗:1.00|助浴:0.90|紧急救助:1.00,0.95,0.809,0.809,18002972.53,949000.0,17175607.91,1606000.0,22500.0,18804107.91,147864.62,0.007863,1,0.0,0.0,22
S0,A,大型,助餐:10.00|日间照料:22.00|上门护理:33.00|康复理疗:30.80|助浴:25.00|紧急救助:0.00,助餐:1.00|日间照料:0.90|上门护理:0.90|康复理疗:0.90|助浴:1.00|紧急救助:1.00,0.95,0.809,0.809,18126516.99,949000.0,17119144.23,1606000.0,22500.0,18747644.23,327872.76,0.017489,1,0.0,0.0,23
S0,A,大型,助餐:11.00|日间照料:20.00|上门护理:30.00|康复理疗:30.80|助浴:27.50|紧急救助:0.00,助餐:0.90|日间照料:1.00|上门护理:1.00|康复理疗:0.90|助浴:0.90|紧急救助:1.00,0.95,0.809,0.809,18082393.97,949000.0,17373265.52,1606000.0,22500.0,19001765.52,29628.45,0.001559,1,0.0,0.0,24
S0,A,大型,助餐:11.00|日间照料:20.00|上门护理:33.00|康复理疗:28.00|助浴:27.50|紧急救助:0.00,助餐:0.90|日间照料:1.00|上门护理:0.90|康复理疗:1.00|助浴:0.90|紧急救助:1.00,0.95,0.809,0.809,17958849.51,949000.0,17267606.6,1606000.0,22500.0,18896106.6,11742.9,0.000621,1,0.0,0.0,25
S0,A,大型,助餐:11.00|日间照料:20.00|上门护理:33.00|康复理疗:30.80|助浴:25.00|紧急救助:0.00,助餐:0.90|日间照料:1.00|上门护理:0.90|康复理疗:0.90|助浴:1.00|紧急救助:1.00,0.95,0.809,0.809,18082393.97,949000.0,17210017.25,1606000.0,22500.0,18838517.25,192876.72,0.010238,1,0.0,0.0,26
S0,A,大型,助餐:11.00|日间照料:22.00|上门护理:30.00|康复理疗:28.00|助浴:27.50|紧急救助:0.00,助餐:0.90|日间照料:0.90|上门护理:1.00|康复理疗:1.00|助浴:0.90|紧急救助:1.00,0.95,0.809,0.809,18311833.68,949000.0,17212843.14,1606000.0,22500.0,18841343.14,419490.54,0.022264,1,0.0,0.0,27
S0,A,大型,助餐:11.00|日间照料:22.00|上门护理:30.00|康复理疗:30.80|助浴:25.00|紧急救助:0.00,助餐:0.90|日间照料:0.90|上门护理:1.00|康复理疗:0.90|助浴:1.00|紧急救助:1.00,0.95,0.809,0.809,18435378.14,949000.0,17156026.09,1606000.0,22500.0,18784526.09,599852.06,0.031933,1,0.0,0.0,28
S0,A,大型,助餐:11.00|日间照料:22.00|上门护理:33.00|康复理疗:28.00|助浴:25.00|紧急救助:0.00,助餐:0.90|日间照料:0.90|上门护理:0.90|康复理疗:1.00|助浴:1.00|紧急救助:1.00,0.95,0.809,0.809,18311833.68,949000.0,17055012.22,1606000.0,22500.0,18683512.22,577321.47,0.0309,1,0.0,0.0,29
S0,A,大型,助餐:10.00|日间照料:22.00|上门护理:30.00|康复理疗:33.60|助浴:25.00|紧急救助:0.00,助餐:1.00|日间照料:0.90|上门护理:1.00|康复理疗:0.75|助浴:1.00|紧急救助:1.00,0.941667,0.804833,0.804833,18156066.49,949000.0,17221411.81,1606000.0,22500.0,18849911.81,255154.68,0.013536,1,0.0,0.0,30
S0,C,小型,助餐:10.00|日间照料:20.00|上门护理:30.00|康复理疗:30.80|助浴:25.00|紧急救助:0.00,助餐:1.00|日间照料:1.00|上门护理:1.00|康复理疗:0.90|助浴:1.00|紧急救助:1.00,0.983333,0.813889,0.813889,36268177.74,365000.0,35761891.43,730000.0,9000.0,36500891.43,132286.31,0.003624,1,0.0,0.0,1
S0,C,小型,助餐:10.00|日间照料:20.00|上门护理:33.00|康复理疗:28.00|助浴:25.00|紧急救助:0.00,助餐:1.00|日间照料:1.00|上门护理:0.90|康复理疗:1.00|助浴:1.00|紧急救助:1.00,0.983333,0.813889,0.813889,36057980.22,365000.0,35567042.06,730000.0,9000.0,36306042.06,116938.16,0.003221,1,0.0,0.0,2
S0,C,小型,助餐:10.00|日间照料:22.00|上门护理:30.00|康复理疗:28.00|助浴:25.00|紧急救助:0.00,助餐:1.00|日间照料:0.90|上门护理:1.00|康复理疗:1.00|助浴:1.00|紧急救助:1.00,0.983333,0.813889,0.813889,36819372.43,365000.0,35500905.93,730000.0,9000.0,36239905.93,944466.5,0.026062,1,0.0,0.0,3
S0,C,小型,助餐:11.00|日间照料:20.00|上门护理:30.00|康复理疗:28.00|助浴:25.00|紧急救助:0.00,助餐:0.90|日间照料:1.00|上门护理:1.00|康复理疗:1.00|助浴:1.00|紧急救助:1.00,0.983333,0.813889,0.813889,36687309.49,365000.0,35661853.9,730000.0,9000.0,36400853.9,651455.58,0.017897,1,0.0,0.0,4
S0,C,小型,助餐:10.00|日间照料:20.00|上门护理:33.00|康复理疗:30.80|助浴:25.00|紧急救助:0.00,助餐:1.00|日间照料:1.00|上门护理:0.90|康复理疗:0.90|助浴:1.00|紧急救助:1.00,0.966667,0.805556,0.805556,35994194.44,365000.0,35366447.14,730000.0,9000.0,36105447.14,253747.3,0.007028,1,0.0,0.0,5
S0,C,小型,助餐:10.00|日间照料:22.00|上门护理:30.00|康复理疗:28.00|助浴:27.50|紧急救助:0.00,助餐:1.00|日间照料:0.90|上门护理:1.00|康复理疗:1.00|助浴:0.90|紧急救助:1.00,0.966667,0.805556,0.805556,36469427.61,365000.0,35392636.14,730000.0,9000.0,36131636.14,702791.47,0.019451,1,0.0,0.0,6
S0,C,小型,助餐:10.00|日间照料:22.00|上门护理:30.00|康复理疗:30.80|助浴:25.00|紧急救助:0.00,助餐:1.00|日间照料:0.90|上门护理:1.00|康复理疗:0.90|助浴:1.00|紧急救助:1.00,0.966667,0.805556,0.805556,36747790.83,365000.0,35302030.01,730000.0,9000.0,36041030.01,1071760.81,0.029737,1,0.0,0.0,7
S0,C,小型,助餐:10.00|日间照料:22.00|上门护理:33.00|康复理疗:28.00|助浴:25.00|紧急救助:0.00,助餐:1.00|日间照料:0.90|上门护理:0.90|康复理疗:1.00|助浴:1.00|紧急救助:1.00,0.966667,0.805556,0.805556,36539745.5,365000.0,35118427.9,730000.0,9000.0,35857427.9,1047317.6,0.029208,1,0.0,0.0,8
S0,C,小型,助餐:11.00|日间照料:20.00|上门护理:30.00|康复理疗:28.00|助浴:27.50|紧急救助:0.00,助餐:0.90|日间照料:1.00|上门护理:1.00|康复理疗:1.00|助浴:0.90|紧急救助:1.00,0.966667,0.805556,0.805556,36338716.85,365000.0,35551237.78,730000.0,9000.0,36290237.78,413479.07,0.011394,1,0.0,0.0,9
S0,C,小型,助餐:11.00|日间照料:20.00|上门护理:30.00|康复理疗:30.80|助浴:25.00|紧急救助:0.00,助餐:0.90|日间照料:1.00|上门护理:1.00|康复理疗:0.90|助浴:1.00|紧急救助:1.00,0.966667,0.805556,0.805556,36617080.07,365000.0,35458728.33,730000.0,9000.0,36197728.33,784351.73,0.021669,1,0.0,0.0,10
S0,C,小型,助餐:10.00|日间照料:24.00|上门护理:36.00|康复理疗:30.80|助浴:27.50|紧急救助:0.00,助餐:1.00|日间照料:0.75|上门护理:0.75|康复理疗:0.90|助浴:0.90|紧急救助:1.00,0.883333,0.763889,0.763889,35726018.38,365000.0,33964421.3,730000.0,9000.0,34703421.3,1387597.07,0.039984,1,0.0,0.0,11
S0,C,小型,助餐:13.00|日间照料:26.00|上门护理:39.00|康复理疗:33.60|助浴:32.50|紧急救助:0.00,助餐:0.60|日间照料:0.60|上门护理:0.60|康复理疗:0.75|助浴:0.60|紧急救助:1.00,0.691667,0.668056,0.668056,33581924.86,365000.0,31901275.07,730000.0,9000.0,32640275.07,1306649.78,0.040032,1,0.0,0.0,12
S0,C,小型,助餐:10.00|日间照料:26.00|上门护理:33.00|康复理疗:36.40|助浴:45.00|紧急救助:0.00,助餐:1.00|日间照料:0.60|上门护理:0.90|康复理疗:0.60|助浴:0.60|紧急救助:1.00,0.783333,0.713889,0.713889,34475594.36,365000.0,32763162.04,730000.0,9000.0,33502162.04,1338432.32,0.039951,1,0.0,0.0,13
S0,C,小型,助餐:11.00|日间照料:24.00|上门护理:36.00|康复理疗:28.00|助浴:30.00|紧急救助:0.00,助餐:0.90|日间照料:0.75|上门护理:0.75|康复理疗:1.00|助浴:0.75|紧急救助:1.00,0.858333,0.751389,0.751389,35509020.16,365000.0,33757133.13,730000.0,9000.0,34496133.13,1377887.03,0.039943,1,0.0,0.0,14
S0,C,小型,助餐:13.00|日间照料:22.00|上门护理:39.00|康复理疗:36.40|助浴:27.50|紧急救助:0.00,助餐:0.60|日间照料:0.90|上门护理:0.60|康复理疗:0.60|助浴:0.90|紧急救助:1.00,0.766667,0.705556,0.705556,34456074.59,365000.0,32740964.2,730000.0,9000.0,33479964.2,1341110.39,0.040057,1,0.0,0.0,15
S0,C,小型,助餐:11.00|日间照料:22.00|上门护理:30.00|康复理疗:42.00|助浴:37.50|紧急救助:0.00,助餐:0.90|日间照料:0.90|上门护理:1.00|康复理疗:0.60|助浴:0.60|紧急救助:1.00,0.833333,0.738889,0.738889,35410224.28,365000.0,33662649.32,730000.0,9000.0,34401649.32,1373574.96,0.039928,1,0.0,0.0,16
S0,C,小型,助餐:10.00|日间照料:22.00|上门护理:54.00|康复理疗:36.40|助浴:37.50|紧急救助:0.00,助餐:1.00|日间照料:0.90|上门护理:0.60|康复理疗:0.60|助浴:0.60|紧急救助:1.00,0.783333,0.713889,0.713889,33235780.81,365000.0,31571719.6,730000.0,9000.0,32310719.6,1290061.21,0.039927,1,0.0,0.0,17
S0,C,小型,助餐:11.00|日间照料:22.00|上门护理:30.00|康复理疗:30.80|助浴:27.50|紧急救助:0.00,助餐:0.90|日间照料:0.90|上门护理:1.00|康复理疗:0.90|助浴:0.90|紧急救助:1.00,0.933333,0.788889,0.788889,36701222.99,365000.0,34898169.0,730000.0,9000.0,35637169.0,1429053.99,0.0401,1,0.0,0.0,18
S0,C,小型,助餐:11.00|日间照料:22.00|上门护理:33.00|康复理疗:42.00|助浴:37.50|紧急救助:0.00,助餐:0.90|日间照料:0.90|上门护理:0.90|康复理疗:0.60|助浴:0.60|紧急救助:1.00,0.816667,0.730556,0.730556,35010860.85,365000.0,33279915.29,730000.0,9000.0,34018915.29,1356945.55,0.039888,1,0.0,0.0,19
S0,C,小型,助餐:12.00|日间照料:22.00|上门护理:30.00|康复理疗:28.00|助浴:45.00|紧急救助:0.00,助餐:0.75|日间照料:0.90|上门护理:1.00|康复理疗:1.00|助浴:0.60|紧急救助:1.00,0.875,0.759722,0.759722,35794664.43,365000.0,34033784.62,730000.0,9000.0,34772784.62,1386879.81,0.039884,1,0.0,0.0,20
S0,C,小型,助餐:11.00|日间照料:20.00|上门护理:33.00|康复理疗:28.00|助浴:25.00|紧急救助:0.00,助餐:0.90|日间照料:1.00|上门护理:0.90|康复理疗:1.00|助浴:1.00|紧急救助:1.00,0.966667,0.805556,0.805556,36409034.74,365000.0,35271168.03,730000.0,9000.0,36010168.03,763866.7,0.021213,1,0.0,0.0,21
S0,C,小型,助餐:11.00|日间照料:22.00|上门护理:30.00|康复理疗:28.00|助浴:25.00|紧急救助:0.00,助餐:0.90|日间照料:0.90|上门护理:1.00|康复理疗:1.00|助浴:1.00|紧急救助:1.00,0.966667,0.805556,0.805556,37162631.12,365000.0,35208054.97,730000.0,9000.0,35947054.97,1580576.16,0.04397,1,0.0,0.0,22
S0,C,小型,助餐:10.00|日间照料:20.00|上门护理:30.00|康复理疗:33.60|助浴:25.00|紧急救助:0.00,助餐:1.00|日间照料:1.00|上门护理:1.00|康复理疗:0.75|助浴:1.00|紧急救助:1.00,0.958333,0.801389,0.801389,36014986.81,365000.0,35556118.46,730000.0,9000.0,36295118.46,84868.35,0.002338,1,0.0,0.0,23
S0,C,小型,助餐:10.00|日间照料:20.00|上门护理:36.00|康复理疗:28.00|助浴:25.00|紧急救助:0.00,助餐:1.00|日间照料:1.00|上门护理:0.75|康复理疗:1.00|助浴:1.00|紧急救助:1.00,0.958333,0.801389,0.801389,35601048.34,365000.0,35181833.84,730000.0,9000.0,35920833.84,45214.5,0.001259,1,0.0,0.0,24
S0,C,小型,助餐:10.00|日间照料:24.00|上门护理:30.00|康复理疗:28.00|助浴:25.00|紧急救助:0.00,助餐:1.00|日间照料:0.75|上门护理:1.00|康复理疗:1.00|助浴:1.00|紧急救助:1.00,0.958333,0.801389,0.801389,37095519.8,365000.0,35051846.14,730000.0,9000.0,35790846.14,1669673.66,0.046651,1,0.0,0.0,25
S0,C,小型,助餐:12.00|日间照料:20.00|上门护理:30.00|康复理疗:28.00|助浴:25.00|紧急救助:0.00,助餐:0.75|日间照料:1.00|上门护理:1.00|康复理疗:1.00|助浴:1.00|紧急救助:1.00,0.958333,0.801389,0.801389,36840375.95,365000.0,35362845.75,730000.0,9000.0,36101845.75,1103530.2,0.030567,1,0.0,0.0,26
S0,C,小型,助餐:10.00|日间照料:20.00|上门护理:33.00|康复理疗:30.80|助浴:27.50|紧急救助:0.00,助餐:1.00|日间照料:1.00|上门护理:0.90|康复理疗:0.90|助浴:0.90|紧急救助:1.00,0.95,0.797222,0.797222,35648606.27,365000.0,35260266.9,730000.0,9000.0,35999266.9,14339.37,0.000398,1,0.0,0.0,27
S0,C,小型,助餐:10.00|日间照料:22.00|上门护理:30.00|康复理疗:30.80|助浴:27.50|紧急救助:0.00,助餐:1.00|日间照料:0.90|上门护理:1.00|康复理疗:0.90|助浴:0.90|紧急救助:1.00,0.95,0.797222,0.797222,36394406.83,365000.0,35196595.62,730000.0,9000.0,35935595.62,823811.22,0.022925,1,0.0,0.0,28
S0,C,小型,助餐:10.00|日间照料:22.00|上门护理:33.00|康复理疗:28.00|助浴:27.50|紧急救助:0.00,助餐:1.00|日间照料:0.90|上门护理:0.90|康复理疗:1.00|助浴:0.90|紧急救助:1.00,0.95,0.797222,0.797222,36188513.69,365000.0,35015674.52,730000.0,9000.0,35754674.52,798839.18,0.022342,1,0.0,0.0,29
S0,C,小型,助餐:10.00|日间照料:22.00|上门护理:33.00|康复理疗:30.80|助浴:25.00|紧急救助:0.00,助餐:1.00|日间照料:0.90|上门护理:0.90|康复理疗:0.90|助浴:1.00|紧急救助:1.00,0.95,0.797222,0.797222,36457137.47,365000.0,34923017.12,730000.0,9000.0,35662017.12,1160120.35,0.032531,1,0.0,0.0,30
S0,E,大型,助餐:10.00|日间照料:20.00|上门护理:30.00|康复理疗:28.00|助浴:25.00|紧急救助:0.00,助餐:1.00|日间照料:1.00|上门护理:1.00|康复理疗:1.00|助浴:1.00|紧急救助:1.00,1.0,0.83625,0.83625,33338461.39,949000.0,32457137.59,1606000.0,22500.0,34085637.59,201823.79,0.005921,1,0.0,0.0,1
S0,E,大型,助餐:10.00|日间照料:20.00|上门护理:30.00|康复理疗:30.80|助浴:25.00|紧急救助:0.00,助餐:1.00|日间照料:1.00|上门护理:1.00|康复理疗:0.90|助浴:1.00|紧急救助:1.00,0.983333,0.827917,0.827917,33300376.97,949000.0,32276780.73,1606000.0,22500.0,33905280.73,344096.25,0.010149,1,0.0,0.0,2
S0,E,大型,助餐:10.00|日间照料:20.00|上门护理:33.00|康复理疗:28.00|助浴:25.00|紧急救助:0.00,助餐:1.00|日间照料:1.00|上门护理:0.90|康复理疗:1.00|助浴:1.00|紧急救助:1.00,0.983333,0.827917,0.827917,33111123.95,949000.0,32104467.36,1606000.0,22500.0,33732967.36,327156.59,0.009698,1,0.0,0.0,3
S0,E,大型,助餐:10.00|日间照料:22.00|上门护理:30.00|康复理疗:28.00|助浴:25.00|紧急救助:0.00,助餐:1.00|日间照料:0.90|上门护理:1.00|康复理疗:1.00|助浴:1.00|紧急救助:1.00,0.983333,0.827917,0.827917,33815446.68,949000.0,32049607.43,1606000.0,22500.0,33678107.43,1086339.26,0.032257,1,0.0,0.0,4
S0,E,大型,助餐:11.00|日间照料:20.00|上门护理:30.00|康复理疗:28.00|助浴:25.00|紧急救助:0.00,助餐:0.90|日间照料:1.00|上门护理:1.00|康复理疗:1.00|助浴:1.00|紧急救助:1.00,0.983333,0.827917,0.827917,33689881.63,949000.0,32190872.57,1606000.0,22500.0,33819372.57,819509.06,0.024232,1,0.0,0.0,5
S0,E,大型,助餐:10.00|日间照料:20.00|上门护理:30.00|康复理疗:30.80|助浴:27.50|紧急救助:0.00,助餐:1.00|日间照料:1.00|上门护理:1.00|康复理疗:0.90|助浴:0.90|紧急救助:1.00,0.966667,0.819583,0.819583,32992710.82,949000.0,32178291.38,1606000.0,22500.0,33806791.38,134919.44,0.003991,1,0.0,0.0,6
S0,E,大型,助餐:10.00|日间照料:20.00|上门护理:33.00|康复理疗:28.00|助浴:27.50|紧急救助:0.00,助餐:1.00|日间照料:1.00|上门护理:0.90|康复理疗:1.00|助浴:0.90|紧急救助:1.00,0.966667,0.819583,0.819583,32805362.71,949000.0,32008578.11,1606000.0,22500.0,33637078.11,117284.6,0.003487,1,0.0,0.0,7
S0,E,大型,助餐:10.00|日间照料:20.00|上门护理:33.00|康复理疗:30.80|助浴:25.00|紧急救助:0.00,助餐:1.00|日间照料:1.00|上门护理:0.90|康复理疗:0.90|助浴:1.00|紧急救助:1.00,0.966667,0.819583,0.819583,33064253.21,949000.0,31928990.76,1606000.0,22500.0,33557490.76,455762.45,0.013582,1,0.0,0.0,8
S0,E,大型,助餐:10.00|日间照料:22.00|上门护理:30.00|康复理疗:28.00|助浴:27.50|紧急救助:0.00,助餐:1.00|日间照料:0.90|上门护理:1.00|康复理疗:1.00|助浴:0.90|紧急救助:1.00,0.966667,0.819583,0.819583,33502596.14,949000.0,31954361.71,1606000.0,22500.0,33582861.71,868734.43,0.025868,1,0.0,0.0,9
S0,E,大型,助餐:10.00|日间照料:22.00|上门护理:30.00|康复理疗:30.80|助浴:25.00|紧急救助:0.00,助餐:1.00|日间照料:0.90|上门护理:1.00|康复理疗:0.90|助浴:1.00|紧急救助:1.00,0.966667,0.819583,0.819583,33761486.64,949000.0,31875556.74,1606000.0,22500.0,33504056.74,1206429.9,0.036008,1,0.0,0.0,10
S0,E,大型,助餐:10.00|日间照料:26.00|上门护理:33.00|康复理疗:28.00|助浴:32.50|紧急救助:0.00,助餐:1.00|日间照料:0.60|上门护理:0.90|康复理疗:1.00|助浴:0.60|紧急救助:1.00,0.85,0.76125,0.76125,32573844.31,949000.0,30603818.07,1606000.0,22500.0,32232318.07,1290526.24,0.040038,1,0.0,0.0,11
S0,E,大型,助餐:13.00|日间照料:22.00|上门护理:36.00|康复理疗:36.40|助浴:30.00|紧急救助:0.00,助餐:0.60|日间照料:0.90|上门护理:0.75|康复理疗:0.60|助浴:0.75|紧急救助:1.00,0.766667,0.719583,0.719583,31754500.25,949000.0,29815841.41,1606000.0,22500.0,31444341.41,1259158.83,0.040044,1,0.0,0.0,12
S0,E,大型,助餐:13.00|日间照料:20.00|上门护理:36.00|康复理疗:28.00|助浴:27.50|紧急救助:0.00,助餐:0.60|日间照料:1.00|上门护理:0.75|康复理疗:1.00|助浴:0.90|紧急救助:1.00,0.875,0.77375,0.77375,32851438.03,949000.0,30870449.83,1606000.0,22500.0,32498949.83,1301488.2,0.040047,1,0.0,0.0,13
S0,E,大型,助餐:13.00|日间照料:20.00|上门护理:45.00|康复理疗:33.60|助浴:30.00|紧急救助:0.00,助餐:0.60|日间照料:1.00|上门护理:0.60|康复理疗:0.75|助浴:0.75|紧急救助:1.00,0.783333,0.727917,0.727917,31352237.66,949000.0,29428855.82,1606000.0,22500.0,31057355.82,1243881.85,0.040051,1,0.0,0.0,14
S0,E,大型,助餐:13.00|日间照料:22.00|上门护理:36.00|康复理疗:36.40|助浴:45.00|紧急救助:0.00,助餐:0.60|日间照料:0.90|上门护理:0.75|康复理疗:0.60|助浴:0.60|紧急救助:1.00,0.741667,0.707083,0.707083,31202887.62,949000.0,29288406.9,1606000.0,22500.0,30916906.9,1234980.72,0.039945,1,0.0,0.0,15
S0,E,大型,助餐:10.00|日间照料:24.00|上门护理:39.00|康复理疗:28.00|助浴:27.50|紧急救助:0.00,助餐:1.00|日间照料:0.75|上门护理:0.60|康复理疗:1.00|助浴:0.90|紧急救助:1.00,0.875,0.77375,0.77375,32498691.04,949000.0,30530216.38,1606000.0,22500.0,32158716.38,1288974.67,0.040082,1,0.0,0.0,16
S0,E,大型,助餐:11.00|日间照料:24.00|上门护理:33.00|康复理疗:30.80|助浴:32.50|紧急救助:0.00,助餐:0.90|日间照料:0.75|上门护理:0.90|康复理疗:0.90|助浴:0.60|紧急救助:1.00,0.841667,0.757083,0.757083,32534884.78,949000.0,30564951.69,1606000.0,22500.0,32193451.69,1290433.09,0.040084,1,0.0,0.0,17
S0,E,大型,助餐:11.00|日间照料:22.00|上门护理:45.00|康复理疗:28.00|助浴:37.50|紧急救助:0.00,助餐:0.90|日间照料:0.90|上门护理:0.60|康复理疗:1.00|助浴:0.60|紧急救助:1.00,0.833333,0.752917,0.752917,31573571.34,949000.0,29639575.2,1606000.0,22500.0,31268075.2,1254496.13,0.040121,1,0.0,0.0,18
S0,E,大型,助餐:12.00|日间照料:22.00|上门护理:30.00|康复理疗:36.40|助浴:45.00|紧急救助:0.00,助餐:0.75|日间照料:0.90|上门护理:1.00|康复理疗:0.60|助浴:0.60|紧急救助:1.00,0.808333,0.740417,0.740417,32166207.45,949000.0,30208482.79,1606000.0,22500.0,31836982.79,1278224.66,0.040149,1,0.0,0.0,19
S0,E,大型,助餐:10.00|日间照料:22.00|上门护理:45.00|康复理疗:36.40|助浴:27.50|紧急救助:0.00,助餐:1.00|日间照料:0.90|上门护理:0.60|康复理疗:0.60|助浴:0.90|紧急救助:1.00,0.833333,0.752917,0.752917,31676814.83,949000.0,29748023.33,1606000.0,22500.0,31376523.33,1249291.51,0.039816,1,0.0,0.0,20
S0,E,大型,助餐:10.00|日间照料:22.00|上门护理:33.00|康复理疗:28.00|助浴:25.00|紧急救助:0.00,助餐:1.00|日间照料:0.90|上门护理:0.90|康复理疗:1.00|助浴:1.00|紧急救助:1.00,0.966667,0.819583,0.819583,33574138.53,949000.0,31713170.05,1606000.0,22500.0,33341670.05,1181468.47,0.035435,1,0.0,0.0,21
S0,E,大型,助餐:11.00|日间照料:20.00|上门护理:30.00|康复理疗:28.00|助浴:27.50|紧急救助:0.00,助餐:0.90|日间照料:1.00|上门护理:1.00|康复理疗:1.00|助浴:0.90|紧急救助:1.00,0.966667,0.819583,0.819583,33378294.95,949000.0,32093556.62,1606000.0,22500.0,33722056.62,605238.33,0.017948,1,0.0,0.0,22
S0,E,大型,助餐:11.00|日间照料:20.00|上门护理:30.00|康复理疗:30.80|助浴:25.00|紧急救助:0.00,助餐:0.90|日间照料:1.00|上门护理:1.00|康复理疗:0.90|助浴:1.00|紧急救助:1.00,0.966667,0.819583,0.819583,33637185.45,949000.0,32013090.26,1606000.0,22500.0,33641590.26,944595.19,0.028078,1,0.0,0.0,23
S0,E,大型,助餐:11.00|日间照料:20.00|上门护理:33.00|康复理疗:28.00|助浴:25.00|紧急救助:0.00,助餐:0.90|日间照料:1.00|上门护理:0.90|康复理疗:1.00|助浴:1.00|紧急救助:1.00,0.966667,0.819583,0.819583,33449837.34,949000.0,31847194.15,1606000.0,22500.0,33475694.15,923143.18,0.027577,1,0.0,0.0,24
S0,E,大型,助餐:11.00|日间照料:22.00|上门护理:30.00|康复理疗:28.00|助浴:25.00|紧急救助:0.00,助餐:0.90|日间照料:0.90|上门护理:1.00|康复理疗:1.00|助浴:1.00|紧急救助:1.00,0.966667,0.819583,0.819583,34147070.77,949000.0,31794841.85,1606000.0,22500.0,33423341.85,1672728.91,0.050047,1,0.0,0.0,25
S0,E,大型,助餐:10.00|日间照料:20.00|上门护理:30.00|康复理疗:33.60|助浴:25.00|紧急救助:0.00,助餐:1.00|日间照料:1.00|上门护理:1.00|康复理疗:0.75|助浴:1.00|紧急救助:1.00,0.958333,0.815417,0.815417,33082554.04,949000.0,32096723.88,1606000.0,22500.0,33725223.88,306330.16,0.009083,1,0.0,0.0,26
S0,E,大型,助餐:10.00|日间照料:20.00|上门护理:36.00|康复理疗:28.00|助浴:25.00|紧急救助:0.00,助餐:1.00|日间照料:1.00|上门护理:0.75|康复理疗:1.00|助浴:1.00|紧急救助:1.00,0.958333,0.815417,0.815417,32709762.72,949000.0,31765765.3,1606000.0,22500.0,33394265.3,264497.43,0.00792,1,0.0,0.0,27
S0,E,大型,助餐:10.00|日间照料:24.00|上门护理:30.00|康复理疗:28.00|助浴:25.00|紧急救助:0.00,助餐:1.00|日间照料:0.75|上门护理:1.00|康复理疗:1.00|助浴:1.00|紧急救助:1.00,0.958333,0.815417,0.815417,34092128.57,949000.0,31657152.74,1606000.0,22500.0,33285652.74,1755475.83,0.05274,1,0.0,0.0,28
S0,E,大型,助餐:12.00|日间照料:20.00|上门护理:30.00|康复理疗:28.00|助浴:25.00|紧急救助:0.00,助餐:0.75|日间照料:1.00|上门护理:1.00|康复理疗:1.00|助浴:1.00|紧急救助:1.00,0.958333,0.815417,0.815417,33849801.76,949000.0,31930730.81,1606000.0,22500.0,33559230.81,1239570.95,0.036937,1,0.0,0.0,29
S0,E,大型,助餐:10.00|日间照料:20.00|上门护理:33.00|康复理疗:30.80|助浴:27.50|紧急救助:0.00,助餐:1.00|日间照料:1.00|上门护理:0.90|康复理疗:0.90|助浴:0.90|紧急救助:1.00,0.95,0.81125,0.81125,32755300.07,949000.0,31835621.66,1606000.0,22500.0,33464121.66,240178.42,0.007177,1,0.0,0.0,30
S4,A,小型,助餐:10.00|日间照料:20.00|上门护理:30.00|康复理疗:28.00|助浴:25.00|紧急救助:0.00,助餐:1.00|日间照料:1.00|上门护理:1.00|康复理疗:1.00|助浴:1.00|紧急救助:1.00,1.0,0.834,0.834,18152645.23,365000.0,17726520.27,730000.0,9000.0,18465520.27,52124.95,0.002823,1,0.0,0.0,1
S4,A,小型,助餐:10.00|日间照料:20.00|上门护理:30.00|康复理疗:30.80|助浴:25.00|紧急救助:0.00,助餐:1.00|日间照料:1.00|上门护理:1.00|康复理疗:0.90|助浴:1.00|紧急救助:1.00,0.983333,0.825667,0.825667,18114290.3,365000.0,17611342.77,730000.0,9000.0,18350342.77,128947.53,0.007027,1,0.0,0.0,2
S4,A,小型,助餐:10.00|日间照料:20.00|上门护理:33.00|康复理疗:28.00|助浴:25.00|紧急救助:0.00,助餐:1.00|日间照料:1.00|上门护理:0.90|康复理疗:1.00|助浴:1.00|紧急救助:1.00,0.983333,0.825667,0.825667,17998483.65,365000.0,17509808.2,730000.0,9000.0,18248808.2,114675.46,0.006284,1,0.0,0.0,3
S4,A,小型,助餐:10.00|日间照料:22.00|上门护理:30.00|康复理疗:28.00|助浴:25.00|紧急救助:0.00,助餐:1.00|日间照料:0.90|上门护理:1.00|康复理疗:1.00|助浴:1.00|紧急救助:1.00,0.983333,0.825667,0.825667,18373861.95,365000.0,17466146.62,730000.0,9000.0,18205146.62,533715.34,0.029317,1,0.0,0.0,4
S4,A,小型,助餐:11.00|日间照料:20.00|上门护理:30.00|康复理疗:28.00|助浴:25.00|紧急救助:0.00,助餐:0.90|日间照料:1.00|上门护理:1.00|康复理疗:1.00|助浴:1.00|紧急救助:1.00,0.983333,0.825667,0.825667,18316732.25,365000.0,17552723.53,730000.0,9000.0,18291723.53,390008.72,0.021322,1,0.0,0.0,5
S4,A,小型,助餐:10.00|日间照料:20.00|上门护理:30.00|康复理疗:30.80|助浴:27.50|紧急救助:0.00,助餐:1.00|日间照料:1.00|上门护理:1.00|康复理疗:0.90|助浴:0.90|紧急救助:1.00,0.966667,0.817333,0.817333,17938950.14,365000.0,17551640.18,730000.0,9000.0,18290640.18,13309.96,0.000728,1,0.0,0.0,6
S4,A,小型,助餐:10.00|日间照料:20.00|上门护理:33.00|康复理疗:30.80|助浴:25.00|紧急救助:0.00,助餐:1.00|日间照料:1.00|上门护理:0.90|康复理疗:0.90|助浴:1.00|紧急救助:1.00,0.966667,0.817333,0.817333,17956614.12,365000.0,17398711.77,730000.0,9000.0,18137711.77,183902.35,0.010139,1,0.0,0.0,7
S4,A,小型,助餐:10.00|日间照料:22.00|上门护理:30.00|康复理疗:28.00|助浴:27.50|紧急救助:0.00,助餐:1.00|日间照料:0.90|上门护理:1.00|康复理疗:1.00|助浴:0.90|紧急救助:1.00,0.966667,0.817333,0.817333,18188417.24,365000.0,17401386.61,730000.0,9000.0,18140386.61,413030.63,0.022769,1,0.0,0.0,8
S4,A,小型,助餐:10.00|日间照料:22.00|上门护理:30.00|康复理疗:30.80|助浴:25.00|紧急救助:0.00,助餐:1.00|日间照料:0.90|上门护理:1.00|康复理疗:0.90|助浴:1.00|紧急救助:1.00,0.966667,0.817333,0.817333,18313234.31,365000.0,17342168.7,730000.0,9000.0,18081168.7,597065.61,0.033021,1,0.0,0.0,9
S4,A,小型,助餐:10.00|日间照料:22.00|上门护理:33.00|康复理疗:28.00|助浴:25.00|紧急救助:0.00,助餐:1.00|日间照料:0.90|上门护理:0.90|康复理疗:1.00|助浴:1.00|紧急救助:1.00,0.966667,0.817333,0.817333,18188417.24,365000.0,17237198.43,730000.0,9000.0,17976198.43,577218.81,0.03211,1,0.0,0.0,10
S4,A,小型,助餐:11.00|日间照料:26.00|上门护理:39.00|康复理疗:36.40|助浴:45.00|紧急救助:0.00,助餐:0.90|日间照料:0.60|上门护理:0.60|康复理疗:0.60|助浴:0.60|紧急救助:1.00,0.716667,0.692333,0.692333,16592410.53,365000.0,15565487.89,730000.0,9000.0,16304487.89,652922.63,0.040046,1,0.0,0.0,11
S4,A,小型,助餐:13.00|日间照料:20.00|上门护理:45.00|康复理疗:30.80|助浴:45.00|紧急救助:0.00,助餐:0.60|日间照料:1.00|上门护理:0.60|康复理疗:0.90|助浴:0.60|紧急救助:1.00,0.783333,0.725667,0.725667,16773857.9,365000.0,15741576.77,730000.0,9000.0,16480576.77,658281.14,0.039943,1,0.0,0.0,12
S4,A,小型,助餐:11.00|日间照料:20.00|上门护理:54.00|康复理疗:33.60|助浴:37.50|紧急救助:0.00,助餐:0.90|日间照料:1.00|上门护理:0.60|康复理疗:0.75|助浴:0.60|紧急救助:1.00,0.808333,0.738167,0.738167,16611887.37,365000.0,15585955.19,730000.0,9000.0,16324955.19,651932.18,0.039935,1,0.0,0.0,13
S4,A,小型,助餐:13.00|日间照料:22.00|上门护理:39.00|康复理疗:30.80|助浴:30.00|紧急救助:0.00,助餐:0.60|日间照料:0.90|上门护理:0.60|康复理疗:0.90|助浴:0.75|紧急救助:1.00,0.791667,0.729833,0.729833,17188612.87,365000.0,16138403.24,730000.0,9000.0,16877403.24,676209.63,0.040066,1,0.0,0.0,14
S4,A,小型,助餐:10.00|日间照料:26.00|上门护理:30.00|康复理疗:33.60|助浴:37.50|紧急救助:0.00,助餐:1.00|日间照料:0.60|上门护理:1.00|康复理疗:0.75|助浴:0.60|紧急救助:1.00,0.825,0.7465,0.7465,17491565.2,365000.0,16432007.67,730000.0,9000.0,17171007.67,685557.53,0.039925,1,0.0,0.0,15
S4,A,小型,助餐:10.00|日间照料:24.00|上门护理:30.00|康复理疗:36.40|助浴:27.50|紧急救助:0.00,助餐:1.00|日间照料:0.75|上门护理:1.00|康复理疗:0.60|助浴:0.90|紧急救助:1.00,0.875,0.7715,0.7715,17858546.66,365000.0,16784966.65,730000.0,9000.0,17523966.65,699580.01,0.039921,1,0.0,0.0,16
S4,A,小型,助餐:10.00|日间照料:26.00|上门护理:45.00|康复理疗:33.60|助浴:32.50|紧急救助:0.00,助餐:1.00|日间照料:0.60|上门护理:0.60|康复理疗:0.75|助浴:0.60|紧急救助:1.00,0.758333,0.713167,0.713167,16710517.41,365000.0,15681021.61,730000.0,9000.0,16420021.61,655495.8,0.039921,1,0.0,0.0,17
S4,A,小型,助餐:13.00|日间照料:24.00|上门护理:36.00|康复理疗:36.40|助浴:37.50|紧急救助:0.00,助餐:0.60|日间照料:0.75|上门护理:0.75|康复理疗:0.60|助浴:0.60|紧急救助:1.00,0.716667,0.692333,0.692333,16818970.52,365000.0,15782494.58,730000.0,9000.0,16521494.58,662475.94,0.040098,1,0.0,0.0,18
S4,A,小型,助餐:11.00|日间照料:20.00|上门护理:45.00|康复理疗:33.60|助浴:25.00|紧急救助:0.00,助餐:0.90|日间照料:1.00|上门护理:0.60|康复理疗:0.75|助浴:1.00|紧急救助:1.00,0.875,0.7715,0.7715,17362029.05,365000.0,16304327.24,730000.0,9000.0,17043327.24,683701.81,0.040116,1,0.0,0.0,19
S4,A,小型,助餐:11.00|日间照料:22.00|上门护理:33.00|康复理疗:28.00|助浴:50.00|紧急救助:0.00,助餐:0.90|日间照料:0.90|上门护理:0.90|康复理疗:1.00|助浴:0.60|紧急救助:1.00,0.883333,0.775667,0.775667,17557328.79,365000.0,16496469.39,730000.0,9000.0,17235469.39,686859.41,0.039852,1,0.0,0.0,20
S4,A,小型,助餐:11.00|日间照料:20.00|上门护理:30.00|康复理疗:28.00|助浴:27.50|紧急救助:0.00,助餐:0.90|日间照料:1.00|上门护理:1.00|康复理疗:1.00|助浴:0.90|紧急救助:1.00,0.966667,0.817333,0.817333,18139348.88,365000.0,17493797.82,730000.0,9000.0,18232797.82,271551.06,0.014894,1,0.0,0.0,21
S4,A,小型,助餐:11.00|日间照料:20.00|上门护理:30.00|康复理疗:30.80|助浴:25.00|紧急救助:0.00,助餐:0.90|日间照料:1.00|上门护理:1.00|康复理疗:0.90|助浴:1.00|紧急救助:1.00,0.966667,0.817333,0.817333,18268656.78,365000.0,17437650.68,730000.0,9000.0,18176650.68,457006.1,0.025142,1,0.0,0.0,22
S4,A,小型,助餐:11.00|日间照料:20.00|上门护理:33.00|康复理疗:28.00|助浴:25.00|紧急救助:0.00,助餐:0.90|日间照料:1.00|上门护理:0.90|康复理疗:1.00|助浴:1.00|紧急救助:1.00,0.966667,0.817333,0.817333,18143839.72,365000.0,17330465.33,730000.0,9000.0,18069465.33,439374.39,0.024316,1,0.0,0.0,23
S4,A,小型,助餐:11.00|日间照料:22.00|上门护理:30.00|康复理疗:28.00|助浴:25.00|紧急救助:0.00,助餐:0.90|日间照料:0.90|上门护理:1.00|康复理疗:1.00|助浴:1.00|紧急救助:1.00,0.966667,0.817333,0.817333,18500459.9,365000.0,17275066.92,730000.0,9000.0,18014066.92,851392.99,0.047263,1,0.0,0.0,24
S4,A,小型,助餐:10.00|日间照料:20.00|上门护理:30.00|康复理疗:33.60|助浴:25.00|紧急救助:0.00,助餐:1.00|日间照料:1.00|上门护理:1.00|康复理疗:0.75|助浴:1.00|紧急救助:1.00,0.958333,0.813167,0.813167,17980914.06,365000.0,17499254.95,730000.0,9000.0,18238254.95,107659.11,0.005903,1,0.0,0.0,25
S4,A,小型,助餐:10.00|日间照料:20.00|上门护理:36.00|康复理疗:28.00|助浴:25.00|紧急救助:0.00,助餐:1.00|日间照料:1.00|上门护理:0.75|康复理疗:1.00|助浴:1.00|紧急救助:1.00,0.958333,0.813167,0.813167,17740892.7,365000.0,17292853.92,730000.0,9000.0,18031853.92,74038.78,0.004106,1,0.0,0.0,26
S4,A,小型,助餐:10.00|日间照料:24.00|上门护理:30.00|康复理疗:28.00|助浴:25.00|紧急救助:0.00,助餐:1.00|日间照料:0.75|上门护理:1.00|康复理疗:1.00|助浴:1.00|紧急救助:1.00,0.958333,0.813167,0.813167,18450497.07,365000.0,17182810.72,730000.0,9000.0,17921810.72,893686.35,0.049866,1,0.0,0.0,27
S4,A,小型,助餐:12.00|日间照料:20.00|上门护理:30.00|康复理疗:28.00|助浴:25.00|紧急救助:0.00,助餐:0.75|日间照料:1.00|上门护理:1.00|康复理疗:1.00|助浴:1.00|紧急救助:1.00,0.958333,0.813167,0.813167,18361796.52,365000.0,17369221.28,730000.0,9000.0,18108221.28,618575.24,0.03416,1,0.0,0.0,28
S4,A,小型,助餐:10.00|日间照料:20.00|上门护理:33.00|康复理疗:30.80|助浴:27.50|紧急救助:0.00,助餐:1.00|日间照料:1.00|上门护理:0.90|康复理疗:0.90|助浴:0.90|紧急救助:1.00,0.95,0.809,0.809,17773532.82,365000.0,17334987.57,730000.0,9000.0,18073987.57,64545.25,0.003571,1,0.0,0.0,29
S4,A,小型,助餐:10.00|日间照料:22.00|上门护理:30.00|康复理疗:30.80|助浴:27.50|紧急救助:0.00,助餐:1.00|日间照料:0.90|上门护理:1.00|康复理疗:0.90|助浴:0.90|紧急救助:1.00,0.95,0.809,0.809,18126516.99,365000.0,17279099.18,730000.0,9000.0,18018099.18,473417.81,0.026275,1,0.0,0.0,30
S4,C,中型,助餐:10.00|日间照料:22.00|上门护理:30.00|康复理疗:28.00|助浴:25.00|紧急救助:0.00,助餐:1.00|日间照料:0.90|上门护理:1.00|康复理疗:1.00|助浴:1.00|紧急救助:1.00,0.983333,0.813889,0.813889,36819372.43,657000.0,35500905.93,1168000.0,16000.0,36684905.93,791466.5,0.021575,1,0.0,0.0,1
S4,C,中型,助餐:11.00|日间照料:20.00|上门护理:30.00|康复理疗:28.00|助浴:25.00|紧急救助:0.00,助餐:0.90|日间照料:1.00|上门护理:1.00|康复理疗:1.00|助浴:1.00|紧急救助:1.00,0.983333,0.813889,0.813889,36687309.49,657000.0,35661853.9,1168000.0,16000.0,36845853.9,498455.58,0.013528,1,0.0,0.0,2
S4,C,中型,助餐:10.00|日间照料:20.00|上门护理:33.00|康复理疗:30.80|助浴:25.00|紧急救助:0.00,助餐:1.00|日间照料:1.00|上门护理:0.90|康复理疗:0.90|助浴:1.00|紧急救助:1.00,0.966667,0.805556,0.805556,35994194.44,657000.0,35366447.14,1168000.0,16000.0,36550447.14,100747.3,0.002756,1,0.0,0.0,3
S4,C,中型,助餐:10.00|日间照料:22.00|上门护理:30.00|康复理疗:28.00|助浴:27.50|紧急救助:0.00,助餐:1.00|日间照料:0.90|上门护理:1.00|康复理疗:1.00|助浴:0.90|紧急救助:1.00,0.966667,0.805556,0.805556,36469427.61,657000.0,35392636.14,1168000.0,16000.0,36576636.14,549791.47,0.015031,1,0.0,0.0,4
S4,C,中型,助餐:10.00|日间照料:22.00|上门护理:30.00|康复理疗:30.80|助浴:25.00|紧急救助:0.00,助餐:1.00|日间照料:0.90|上门护理:1.00|康复理疗:0.90|助浴:1.00|紧急救助:1.00,0.966667,0.805556,0.805556,36747790.83,657000.0,35302030.01,1168000.0,16000.0,36486030.01,918760.81,0.025181,1,0.0,0.0,5
S4,C,中型,助餐:10.00|日间照料:22.00|上门护理:33.00|康复理疗:28.00|助浴:25.00|紧急救助:0.00,助餐:1.00|日间照料:0.90|上门护理:0.90|康复理疗:1.00|助浴:1.00|紧急救助:1.00,0.966667,0.805556,0.805556,36539745.5,657000.0,35118427.9,1168000.0,16000.0,36302427.9,894317.6,0.024635,1,0.0,0.0,6
S4,C,中型,助餐:11.00|日间照料:20.00|上门护理:30.00|康复理疗:28.00|助浴:27.50|紧急救助:0.00,助餐:0.90|日间照料:1.00|上门护理:1.00|康复理疗:1.00|助浴:0.90|紧急救助:1.00,0.966667,0.805556,0.805556,36338716.85,657000.0,35551237.78,1168000.0,16000.0,36735237.78,260479.07,0.007091,1,0.0,0.0,7
S4,C,中型,助餐:11.00|日间照料:20.00|上门护理:30.00|康复理疗:30.80|助浴:25.00|紧急救助:0.00,助餐:0.90|日间照料:1.00|上门护理:1.00|康复理疗:0.90|助浴:1.00|紧急救助:1.00,0.966667,0.805556,0.805556,36617080.07,657000.0,35458728.33,1168000.0,16000.0,36642728.33,631351.73,0.01723,1,0.0,0.0,8
S4,C,中型,助餐:11.00|日间照料:20.00|上门护理:33.00|康复理疗:28.00|助浴:25.00|紧急救助:0.00,助餐:0.90|日间照料:1.00|上门护理:0.90|康复理疗:1.00|助浴:1.00|紧急救助:1.00,0.966667,0.805556,0.805556,36409034.74,657000.0,35271168.03,1168000.0,16000.0,36455168.03,610866.7,0.016757,1,0.0,0.0,9
S4,C,中型,助餐:11.00|日间照料:22.00|上门护理:30.00|康复理疗:28.00|助浴:25.00|紧急救助:0.00,助餐:0.90|日间照料:0.90|上门护理:1.00|康复理疗:1.00|助浴:1.00|紧急救助:1.00,0.966667,0.805556,0.805556,37162631.12,657000.0,35208054.97,1168000.0,16000.0,36392054.97,1427576.16,0.039228,1,0.0,0.0,10
S4,C,中型,助餐:12.00|日间照料:22.00|上门护理:45.00|康复理疗:33.60|助浴:30.00|紧急救助:0.00,助餐:0.75|日间照料:0.90|上门护理:0.60|康复理疗:0.75|助浴:0.75|紧急救助:1.00,0.791667,0.718056,0.718056,34302698.84,657000.0,32429394.86,1168000.0,16000.0,33613394.86,1346303.98,0.040053,1,0.0,0.0,11
S4,C,中型,助餐:11.00|日间照料:22.00|上门护理:30.00|康复理疗:33.60|助浴:25.00|紧急救助:0.00,助餐:0.90|日间照料:0.90|上门护理:1.00|康复理疗:0.75|助浴:1.00|紧急救助:1.00,0.925,0.784722,0.784722,36768575.03,657000.0,34804026.83,1168000.0,16000.0,35988026.83,1437548.2,0.039945,1,0.0,0.0,12
S4,C,中型,助餐:13.00|日间照料:24.00|上门护理:30.00|康复理疗:36.40|助浴:37.50|紧急救助:0.00,助餐:0.60|日间照料:0.75|上门护理:1.00|康复理疗:0.60|助浴:0.60|紧急救助:1.00,0.758333,0.701389,0.701389,34861646.21,657000.0,32970456.58,1168000.0,16000.0,34154456.58,1364189.63,0.039942,1,0.0,0.0,13
S4,C,中型,助餐:13.00|日间照料:20.00|上门护理:33.00|康复理疗:28.00|助浴:25.00|紧急救助:0.00,助餐:0.60|日间照料:1.00|上门护理:0.90|康复理疗:1.00|助浴:1.00|紧急救助:1.00,0.916667,0.780556,0.780556,36634913.11,657000.0,34675931.22,1168000.0,16000.0,35859931.22,1431981.89,0.039933,1,0.0,0.0,14
S4,C,中型,助餐:12.00|日间照料:24.00|上门护理:39.00|康复理疗:42.00|助浴:37.50|紧急救助:0.00,助餐:0.75|日间照料:0.75|上门护理:0.60|康复理疗:0.60|助浴:0.60|紧急救助:1.00,0.716667,0.680556,0.680556,33722733.47,657000.0,31875626.32,1168000.0,16000.0,33059626.32,1320107.14,0.039931,1,0.0,0.0,15
S4,C,中型,助餐:11.00|日间照料:24.00|上门护理:33.00|康复理疗:36.40|助浴:50.00|紧急救助:0.00,助餐:0.90|日间照料:0.75|上门护理:0.90|康复理疗:0.60|助浴:0.60|紧急救助:1.00,0.791667,0.718056,0.718056,34598873.17,657000.0,32713452.0,1168000.0,16000.0,33897452.0,1358421.17,0.040074,1,0.0,0.0,16
S4,C,中型,助餐:11.00|日间照料:24.00|上门护理:39.00|康复理疗:33.60|助浴:27.50|紧急救助:0.00,助餐:0.90|日间照料:0.75|上门护理:0.60|康复理疗:0.75|助浴:0.90|紧急救助:1.00,0.816667,0.730556,0.730556,34979141.88,657000.0,33084278.96,1168000.0,16000.0,34268278.96,1367862.92,0.039916,1,0.0,0.0,17
S4,C,中型,助餐:11.00|日间照料:20.00|上门护理:30.00|康复理疗:42.00|助浴:25.00|紧急救助:0.00,助餐:0.90|日间照料:1.00|上门护理:1.00|康复理疗:0.60|助浴:1.00|紧急救助:1.00,0.916667,0.780556,0.780556,36627629.01,657000.0,34663073.46,1168000.0,16000.0,35847073.46,1437555.55,0.040102,1,0.0,0.0,18
S4,C,中型,助餐:10.00|日间照料:20.00|上门护理:60.00|康复理疗:33.60|助浴:37.50|紧急救助:0.00,助餐:1.00|日间照料:1.00|上门护理:0.60|康复理疗:0.75|助浴:0.60|紧急救助:1.00,0.825,0.734722,0.734722,33344400.05,657000.0,31512898.8,1168000.0,16000.0,32696898.8,1304501.24,0.039897,1,0.0,0.0,19
S4,C,中型,助餐:11.00|日间照料:24.00|上门护理:33.00|康复理疗:28.00|助浴:30.00|紧急救助:0.00,助餐:0.90|日间照料:0.75|上门护理:0.90|康复理疗:1.00|助浴:0.75|紧急救助:1.00,0.883333,0.763889,0.763889,36066509.03,657000.0,34131053.35,1168000.0,16000.0,35315053.35,1408455.68,0.039883,1,0.0,0.0,20
S4,C,中型,助餐:10.00|日间照料:24.00|上门护理:30.00|康复理疗:28.00|助浴:25.00|紧急救助:0.00,助餐:1.00|日间照料:0.75|上门护理:1.00|康复理疗:1.00|助浴:1.00|紧急救助:1.00,0.958333,0.801389,0.801389,37095519.8,657000.0,35051846.14,1168000.0,16000.0,36235846.14,1516673.66,0.041856,1,0.0,0.0,21
S4,C,中型,助餐:12.00|日间照料:20.00|上门护理:30.00|康复理疗:28.00|助浴:25.00|紧急救助:0.00,助餐:0.75|日间照料:1.00|上门护理:1.00|康复理疗:1.00|助浴:1.00|紧急救助:1.00,0.958333,0.801389,0.801389,36840375.95,657000.0,35362845.75,1168000.0,16000.0,36546845.75,950530.2,0.026009,1,0.0,0.0,22
S4,C,中型,助餐:10.00|日间照料:22.00|上门护理:30.00|康复理疗:30.80|助浴:27.50|紧急救助:0.00,助餐:1.00|日间照料:0.90|上门护理:1.00|康复理疗:0.90|助浴:0.90|紧急救助:1.00,0.95,0.797222,0.797222,36394406.83,657000.0,35196595.62,1168000.0,16000.0,36380595.62,670811.22,0.018439,1,0.0,0.0,23
S4,C,中型,助餐:10.00|日间照料:22.00|上门护理:33.00|康复理疗:28.00|助浴:27.50|紧急救助:0.00,助餐:1.00|日间照料:0.90|上门护理:0.90|康复理疗:1.00|助浴:0.90|紧急救助:1.00,0.95,0.797222,0.797222,36188513.69,657000.0,35015674.52,1168000.0,16000.0,36199674.52,645839.18,0.017841,1,0.0,0.0,24
S4,C,中型,助餐:10.00|日间照料:22.00|上门护理:33.00|康复理疗:30.80|助浴:25.00|紧急救助:0.00,助餐:1.00|日间照料:0.90|上门护理:0.90|康复理疗:0.90|助浴:1.00|紧急救助:1.00,0.95,0.797222,0.797222,36457137.47,657000.0,34923017.12,1168000.0,16000.0,36107017.12,1007120.35,0.027893,1,0.0,0.0,25
S4,C,中型,助餐:11.00|日间照料:20.00|上门护理:30.00|康复理疗:30.80|助浴:27.50|紧急救助:0.00,助餐:0.90|日间照料:1.00|上门护理:1.00|康复理疗:0.90|助浴:0.90|紧急救助:1.00,0.95,0.797222,0.797222,36265048.25,657000.0,35351039.72,1168000.0,16000.0,36535039.72,387008.53,0.010593,1,0.0,0.0,26
S4,C,中型,助餐:11.00|日间照料:20.00|上门护理:33.00|康复理疗:28.00|助浴:27.50|紧急救助:0.00,助餐:0.90|日间照料:1.00|上门护理:0.90|康复理疗:1.00|助浴:0.90|紧急救助:1.00,0.95,0.797222,0.797222,36059155.11,657000.0,35166248.01,1168000.0,16000.0,36350248.01,365907.1,0.010066,1,0.0,0.0,27
S4,C,中型,助餐:11.00|日间照料:20.00|上门护理:33.00|康复理疗:30.80|助浴:25.00|紧急救助:0.00,助餐:0.90|日间照料:1.00|上门护理:0.90|康复理疗:0.90|助浴:1.00|紧急救助:1.00,0.95,0.797222,0.797222,36334638.72,657000.0,35078286.27,1168000.0,16000.0,36262286.27,729352.45,0.020113,1,0.0,0.0,28
S4,C,中型,助餐:11.00|日间照料:22.00|上门护理:30.00|康复理疗:28.00|助浴:27.50|紧急救助:0.00,助餐:0.90|日间照料:0.90|上门护理:1.00|康复理疗:1.00|助浴:0.90|紧急救助:1.00,0.95,0.797222,0.797222,36804955.68,657000.0,35103858.32,1168000.0,16000.0,36287858.32,1174097.35,0.032355,1,0.0,0.0,29
S4,C,中型,助餐:11.00|日间照料:22.00|上门护理:30.00|康复理疗:30.80|助浴:25.00|紧急救助:0.00,助餐:0.90|日间照料:0.90|上门护理:1.00|康复理疗:0.90|助浴:1.00|紧急救助:1.00,0.95,0.797222,0.797222,37070312.86,657000.0,35007262.8,1168000.0,16000.0,36191262.8,1536050.06,0.042443,1,0.0,0.0,30
S4,G,大型,助餐:10.00|日间照料:20.00|上门护理:30.00|康复理疗:28.00|助浴:25.00|紧急救助:0.00,助餐:1.00|日间照料:1.00|上门护理:1.00|康复理疗:1.00|助浴:1.00|紧急救助:1.00,1.0,0.842222,0.842222,37206544.27,949000.0,35968672.48,1606000.0,22500.0,37597172.48,558371.79,0.014851,1,0.0,0.0,1
S4,G,大型,助餐:10.00|日间照料:20.00|上门护理:30.00|康复理疗:28.00|助浴:27.50|紧急救助:0.00,助餐:1.00|日间照料:1.00|上门护理:1.00|康复理疗:1.00|助浴:0.90|紧急救助:1.00,0.983333,0.833889,0.833889,36871255.49,949000.0,35858266.64,1606000.0,22500.0,37486766.64,333488.85,0.008896,1,0.0,0.0,2
S4,G,大型,助餐:10.00|日间照料:20.00|上门护理:30.00|康复理疗:30.80|助浴:25.00|紧急救助:0.00,助餐:1.00|日间照料:1.00|上门护理:1.00|康复理疗:0.90|助浴:1.00|紧急救助:1.00,0.983333,0.833889,0.833889,37159409.41,949000.0,35761891.43,1606000.0,22500.0,37390391.43,718017.98,0.019203,1,0.0,0.0,3
S4,G,大型,助餐:10.00|日间照料:20.00|上门护理:33.00|康复理疗:28.00|助浴:25.00|紧急救助:0.00,助餐:1.00|日间照料:1.00|上门护理:0.90|康复理疗:1.00|助浴:1.00|紧急救助:1.00,0.983333,0.833889,0.833889,36944046.63,949000.0,35567042.06,1606000.0,22500.0,37195542.06,697504.57,0.018752,1,0.0,0.0,4
S4,G,大型,助餐:10.00|日间照料:22.00|上门护理:30.00|康复理疗:28.00|助浴:25.00|紧急救助:0.00,助餐:1.00|日间照料:0.90|上门护理:1.00|康复理疗:1.00|助浴:1.00|紧急救助:1.00,0.983333,0.833889,0.833889,37724148.82,949000.0,35500905.93,1606000.0,22500.0,37129405.93,1543742.89,0.041577,1,0.0,0.0,5
S4,G,大型,助餐:11.00|日间照料:20.00|上门护理:30.00|康复理疗:28.00|助浴:25.00|紧急救助:0.00,助餐:0.90|日间照料:1.00|上门护理:1.00|康复理疗:1.00|助浴:1.00|紧急救助:1.00,0.983333,0.833889,0.833889,37588840.64,949000.0,35661853.9,1606000.0,22500.0,37290353.9,1247486.74,0.033453,1,0.0,0.0,6
S4,G,大型,助餐:10.00|日间照料:20.00|上门护理:30.00|康复理疗:30.80|助浴:27.50|紧急救助:0.00,助餐:1.00|日间照料:1.00|上门护理:1.00|康复理疗:0.90|助浴:0.90|紧急救助:1.00,0.966667,0.825556,0.825556,36815779.69,949000.0,35649917.53,1606000.0,22500.0,37278417.53,486362.16,0.013047,1,0.0,0.0,7
S4,G,大型,助餐:10.00|日间照料:20.00|上门护理:33.00|康复理疗:28.00|助浴:27.50|紧急救助:0.00,助餐:1.00|日间照料:1.00|上门护理:0.90|康复理疗:1.00|助浴:0.90|紧急救助:1.00,0.966667,0.825556,0.825556,36602569.1,949000.0,35457996.46,1606000.0,22500.0,37086496.46,465072.64,0.01254,1,0.0,0.0,8
S4,G,大型,助餐:10.00|日间照料:20.00|上门护理:33.00|康复理疗:30.80|助浴:25.00|紧急救助:0.00,助餐:1.00|日间照料:1.00|上门护理:0.90|康复理疗:0.90|助浴:1.00|紧急救助:1.00,0.966667,0.825556,0.825556,36887843.41,949000.0,35366447.14,1606000.0,22500.0,36994947.14,841896.27,0.022757,1,0.0,0.0,9
S4,G,大型,助餐:10.00|日间照料:22.00|上门护理:30.00|康复理疗:28.00|助浴:27.50|紧急救助:0.00,助餐:1.00|日间照料:0.90|上门护理:1.00|康复理疗:1.00|助浴:0.90|紧急救助:1.00,0.966667,0.825556,0.825556,37374875.47,949000.0,35392636.14,1606000.0,22500.0,37021136.14,1302739.33,0.035189,1,0.0,0.0,10
S4,G,大型,助餐:11.00|日间照料:24.00|上门护理:39.00|康复理疗:33.60|助浴:37.50|紧急救助:0.00,助餐:0.90|日间照料:0.75|上门护理:0.60|康复理疗:0.75|助浴:0.60|紧急救助:1.00,0.766667,0.725556,0.725556,34739740.91,949000.0,32687552.69,1606000.0,22500.0,34316052.69,1372688.22,0.040001,1,0.0,0.0,11
S4,G,大型,助餐:10.00|日间照料:22.00|上门护理:39.00|康复理疗:42.00|助浴:45.00|紧急救助:0.00,助餐:1.00|日间照料:0.90|上门护理:0.60|康复理疗:0.60|助浴:0.60|紧急救助:1.00,0.783333,0.733889,0.733889,34612991.63,949000.0,32565346.25,1606000.0,22500.0,34193846.25,1368145.39,0.040011,1,0.0,0.0,12
S4,G,大型,助餐:10.00|日间照料:22.00|上门护理:36.00|康复理疗:36.40|助浴:25.00|紧急救助:0.00,助餐:1.00|日间照料:0.90|上门护理:0.75|康复理疗:0.60|助浴:1.00|紧急救助:1.00,0.875,0.779722,0.779722,36243422.41,949000.0,34131959.46,1606000.0,22500.0,35760459.46,1431962.95,0.040043,1,0.0,0.0,13
S4,G,大型,助餐:10.00|日间照料:24.00|上门护理:30.00|康复理疗:36.40|助浴:30.00|紧急救助:0.00,助餐:1.00|日间照料:0.75|上门护理:1.00|康复理疗:0.60|助浴:0.75|紧急救助:1.00,0.85,0.767222,0.767222,36332319.09,949000.0,34217380.51,1606000.0,22500.0,35845880.51,1435438.58,0.040045,1,0.0,0.0,14
S4,G,大型,助餐:13.00|日间照料:20.00|上门护理:39.00|康复理疗:28.00|助浴:50.00|紧急救助:0.00,助餐:0.60|日间照料:1.00|上门护理:0.60|康复理疗:1.00|助浴:0.60|紧急救助:1.00,0.8,0.742222,0.742222,34925459.57,949000.0,32868581.29,1606000.0,22500.0,34497081.29,1377378.28,0.039927,1,0.0,0.0,15
S4,G,大型,助餐:10.00|日间照料:24.00|上门护理:39.00|康复理疗:30.80|助浴:45.00|紧急救助:0.00,助餐:1.00|日间照料:0.75|上门护理:0.60|康复理疗:0.90|助浴:0.60|紧急救助:1.00,0.808333,0.746389,0.746389,34943287.89,949000.0,32878830.16,1606000.0,22500.0,34507330.16,1384957.73,0.040135,1,0.0,0.0,16
S4,G,大型,助餐:12.00|日间照料:20.00|上门护理:30.00|康复理疗:28.00|助浴:50.00|紧急救助:0.00,助餐:0.75|日间照料:1.00|上门护理:1.00|康复理疗:1.00|助浴:0.60|紧急救助:1.00,0.891667,0.788056,0.788056,36411007.4,949000.0,34289727.07,1606000.0,22500.0,35918227.07,1441780.33,0.040141,1,0.0,0.0,17
S4,G,大型,助餐:13.00|日间照料:22.00|上门护理:39.00|康复理疗:30.80|助浴:32.50|紧急救助:0.00,助餐:0.60|日间照料:0.90|上门护理:0.60|康复理疗:0.90|助浴:0.60|紧急救助:1.00,0.766667,0.725556,0.725556,34991755.93,949000.0,32924578.83,1606000.0,22500.0,34553078.83,1387677.1,0.040161,1,0.0,0.0,18
S4,G,大型,助餐:10.00|日间照料:26.00|上门护理:39.00|康复理疗:30.80|助浴:32.50|紧急救助:0.00,助餐:1.00|日间照料:0.60|上门护理:0.60|康复理疗:0.90|助浴:0.60|紧急救助:1.00,0.783333,0.733889,0.733889,34995355.92,949000.0,32927523.69,1606000.0,22500.0,34556023.69,1388332.23,0.040176,1,0.0,0.0,19
S4,G,大型,助餐:10.00|日间照料:24.00|上门护理:36.00|康复理疗:33.60|助浴:30.00|紧急救助:0.00,助餐:1.00|日间照料:0.75|上门护理:0.75|康复理疗:0.75|助浴:0.75|紧急救助:1.00,0.833333,0.758889,0.758889,35752534.26,949000.0,33667693.94,1606000.0,22500.0,35296193.94,1405340.33,0.039816,1,0.0,0.0,20
S4,G,大型,助餐:10.00|日间照料:22.00|上门护理:30.00|康复理疗:30.80|助浴:25.00|紧急救助:0.00,助餐:1.00|日间照料:0.90|上门护理:1.00|康复理疗:0.90|助浴:1.00|紧急救助:1.00,0.966667,0.825556,0.825556,37660149.77,949000.0,35302030.01,1606000.0,22500.0,36930530.01,1678619.76,0.045453,1,0.0,0.0,21
S4,G,大型,助餐:10.00|日间照料:22.00|上门护理:33.00|康复理疗:28.00|助浴:25.00|紧急救助:0.00,助餐:1.00|日间照料:0.90|上门护理:0.90|康复理疗:1.00|助浴:1.00|紧急救助:1.00,0.966667,0.825556,0.825556,37446939.18,949000.0,35118427.9,1606000.0,22500.0,36746927.9,1649011.28,0.044875,1,0.0,0.0,22
S4,G,大型,助餐:11.00|日间照料:20.00|上门护理:30.00|康复理疗:28.00|助浴:27.50|紧急救助:0.00,助餐:0.90|日间照料:1.00|上门护理:1.00|康复理疗:1.00|助浴:0.90|紧急救助:1.00,0.966667,0.825556,0.825556,37240919.47,949000.0,35551237.78,1606000.0,22500.0,37179737.78,1010181.7,0.02717,1,0.0,0.0,23
S4,G,大型,助餐:11.00|日间照料:20.00|上门护理:30.00|康复理疗:30.80|助浴:25.00|紧急救助:0.00,助餐:0.90|日间照料:1.00|上门护理:1.00|康复理疗:0.90|助浴:1.00|紧急救助:1.00,0.966667,0.825556,0.825556,37526193.78,949000.0,35458728.33,1606000.0,22500.0,37087228.33,1387965.45,0.037424,1,0.0,0.0,24
S4,G,大型,助餐:11.00|日间照料:20.00|上门护理:33.00|康复理疗:28.00|助浴:25.00|紧急救助:0.00,助餐:0.90|日间照料:1.00|上门护理:0.90|康复理疗:1.00|助浴:1.00|紧急救助:1.00,0.966667,0.825556,0.825556,37312983.19,949000.0,35271168.03,1606000.0,22500.0,36899668.03,1362315.15,0.036919,1,0.0,0.0,25
S4,G,大型,助餐:11.00|日间照料:22.00|上门护理:30.00|康复理疗:28.00|助浴:25.00|紧急救助:0.00,助餐:0.90|日间照料:0.90|上门护理:1.00|康复理疗:1.00|助浴:1.00|紧急救助:1.00,0.966667,0.825556,0.825556,38085289.55,949000.0,35208054.97,1606000.0,22500.0,36836554.97,2197734.58,0.059662,1,0.0,0.0,26
S4,G,大型,助餐:10.00|日间照料:20.00|上门护理:30.00|康复理疗:33.60|助浴:25.00|紧急救助:0.00,助餐:1.00|日间照料:1.00|上门护理:1.00|康复理疗:0.75|助浴:1.00|紧急救助:1.00,0.958333,0.821389,0.821389,36913801.04,949000.0,35556118.46,1606000.0,22500.0,37184618.46,678182.58,0.018238,1,0.0,0.0,27
S4,G,大型,助餐:10.00|日间照料:20.00|上门护理:36.00|康复理疗:28.00|助浴:25.00|紧急救助:0.00,助餐:1.00|日间照料:1.00|上门护理:0.75|康复理疗:1.00|助浴:1.00|紧急救助:1.00,0.958333,0.821389,0.821389,36489532.04,949000.0,35181833.84,1606000.0,22500.0,36810333.84,628198.2,0.017066,1,0.0,0.0,28
S4,G,大型,助餐:10.00|日间照料:24.00|上门护理:30.00|康复理疗:28.00|助浴:25.00|紧急救助:0.00,助餐:1.00|日间照料:0.75|上门护理:1.00|康复理疗:1.00|助浴:1.00|紧急救助:1.00,0.958333,0.821389,0.821389,38021300.54,949000.0,35051846.14,1606000.0,22500.0,36680346.14,2289954.4,0.06243,1,0.0,0.0,29
S4,G,大型,助餐:12.00|日间照料:20.00|上门护理:30.00|康复理疗:28.00|助浴:25.00|紧急救助:0.00,助餐:0.75|日间照料:1.00|上门护理:1.00|康复理疗:1.00|助浴:1.00|紧急救助:1.00,0.958333,0.821389,0.821389,37759789.14,949000.0,35362845.75,1606000.0,22500.0,36991345.75,1717443.39,0.046428,1,0.0,0.0,30
S4,J,大型,助餐:10.00|日间照料:20.00|上门护理:30.00|康复理疗:28.00|助浴:25.00|紧急救助:0.00,助餐:1.00|日间照料:1.00|上门护理:1.00|康复理疗:1.00|助浴:1.00|紧急救助:1.00,1.0,0.85,0.85,39350860.58,949000.0,37688928.02,1606000.0,22500.0,39317428.02,982432.55,0.024987,1,0.0,0.0,1
S4,J,大型,助餐:10.00|日间照料:20.00|上门护理:30.00|康复理疗:28.00|助浴:27.50|紧急救助:0.00,助餐:1.00|日间照料:1.00|上门护理:1.00|康复理疗:1.00|助浴:0.90|紧急救助:1.00,0.983333,0.841667,0.841667,39005931.63,949000.0,37578067.75,1606000.0,22500.0,39206567.75,748363.88,0.019088,1,0.0,0.0,2
S4,J,大型,助餐:10.00|日间照料:20.00|上门护理:30.00|康复理疗:30.80|助浴:25.00|紧急救助:0.00,助餐:1.00|日间照料:1.00|上门护理:1.00|康复理疗:0.90|助浴:1.00|紧急救助:1.00,0.983333,0.841667,0.841667,39316434.17,949000.0,37483616.76,1606000.0,22500.0,39112116.76,1153317.4,0.029487,1,0.0,0.0,3
S4,J,大型,助餐:10.00|日间照料:20.00|上门护理:33.00|康复理疗:28.00|助浴:25.00|紧急救助:0.00,助餐:1.00|日间照料:1.00|上门护理:0.90|康复理疗:1.00|助浴:1.00|紧急救助:1.00,0.983333,0.841667,0.841667,39099441.38,949000.0,37285774.63,1606000.0,22500.0,38914274.63,1134166.75,0.029145,1,0.0,0.0,4
S4,J,大型,助餐:10.00|日间照料:22.00|上门护理:30.00|康复理疗:28.00|助浴:25.00|紧急救助:0.00,助餐:1.00|日间照料:0.90|上门护理:1.00|康复理疗:1.00|助浴:1.00|紧急救助:1.00,0.983333,0.841667,0.841667,39931102.18,949000.0,37227318.45,1606000.0,22500.0,38855818.45,2024283.73,0.052097,1,0.0,0.0,5
S4,J,大型,助餐:11.00|日间照料:20.00|上门护理:30.00|康复理疗:28.00|助浴:25.00|紧急救助:0.00,助餐:0.90|日间照料:1.00|上门护理:1.00|康复理疗:1.00|助浴:1.00|紧急救助:1.00,0.983333,0.841667,0.841667,39778591.44,949000.0,37388178.38,1606000.0,22500.0,39016678.38,1710913.06,0.043851,1,0.0,0.0,6
S4,J,大型,助餐:10.00|日间照料:20.00|上门护理:30.00|康复理疗:30.80|助浴:27.50|紧急救助:0.00,助餐:1.00|日间照料:1.00|上门护理:1.00|康复理疗:0.90|助浴:0.90|紧急救助:1.00,0.966667,0.833333,0.833333,38962771.74,949000.0,37371202.84,1606000.0,22500.0,38999702.84,912068.9,0.023387,1,0.0,0.0,7
S4,J,大型,助餐:10.00|日间照料:20.00|上门护理:33.00|康复理疗:28.00|助浴:27.50|紧急救助:0.00,助餐:1.00|日间照料:1.00|上门护理:0.90|康复理疗:1.00|助浴:0.90|紧急救助:1.00,0.966667,0.833333,0.833333,38747927.4,949000.0,37176359.09,1606000.0,22500.0,38804859.09,892068.31,0.022989,1,0.0,0.0,8
S4,J,大型,助餐:10.00|日间照料:20.00|上门护理:33.00|康复理疗:30.80|助浴:25.00|紧急救助:0.00,助餐:1.00|日间照料:1.00|上门护理:0.90|康复理疗:0.90|助浴:1.00|紧急救助:1.00,0.966667,0.833333,0.833333,39053524.15,949000.0,37084992.52,1606000.0,22500.0,38713492.52,1289031.63,0.033297,1,0.0,0.0,9
S4,J,大型,助餐:10.00|日间照料:22.00|上门护理:30.00|康复理疗:28.00|助浴:27.50|紧急救助:0.00,助餐:1.00|日间照料:0.90|上门护理:1.00|康复理疗:1.00|助浴:0.90|紧急救助:1.00,0.966667,0.833333,0.833333,39563722.68,949000.0,37111519.67,1606000.0,22500.0,38740019.67,1772703.0,0.045759,1,0.0,0.0,10
S4,J,大型,助餐:13.00|日间照料:20.00|上门护理:33.00|康复理疗:36.40|助浴:37.50|紧急救助:0.00,助餐:0.60|日间照料:1.00|上门护理:0.90|康复理疗:0.60|助浴:0.60|紧急救助:1.00,0.783333,0.741667,0.741667,37278280.79,949000.0,35127315.08,1606000.0,22500.0,36755815.08,1471465.71,0.040034,1,0.0,0.0,11
S4,J,大型,助餐:11.00|日间照料:22.00|上门护理:39.00|康复理疗:28.00|助浴:37.50|紧急救助:0.00,助餐:0.90|日间照料:0.90|上门护理:0.60|康复理疗:1.00|助浴:0.60|紧急救助:1.00,0.833333,0.766667,0.766667,37287342.31,949000.0,35138574.29,1606000.0,22500.0,36767074.29,1469268.03,0.039962,1,0.0,0.0,12
S4,J,大型,助餐:11.00|日间照料:20.00|上门护理:30.00|康复理疗:28.00|助浴:50.00|紧急救助:0.00,助餐:0.90|日间照料:1.00|上门护理:1.00|康复理疗:1.00|助浴:0.60|紧急救助:1.00,0.916667,0.808333,0.808333,38458278.46,949000.0,36264625.68,1606000.0,22500.0,37893125.68,1514152.78,0.039959,1,0.0,0.0,13
S4,J,大型,助餐:11.00|日间照料:20.00|上门护理:30.00|康复理疗:33.60|助浴:27.50|紧急救助:0.00,助餐:0.90|日间照料:1.00|上门护理:1.00|康复理疗:0.75|助浴:0.90|紧急救助:1.00,0.925,0.8125,0.8125,39074898.36,949000.0,36857577.1,1606000.0,22500.0,38486077.1,1537821.26,0.039958,1,0.0,0.0,14
S4,J,大型,助餐:10.00|日间照料:20.00|上门护理:45.00|康复理疗:36.40|助浴:27.50|紧急救助:0.00,助餐:1.00|日间照料:1.00|上门护理:0.60|康复理疗:0.60|助浴:0.90|紧急救助:1.00,0.85,0.775,0.775,37117381.02,949000.0,34976209.61,1606000.0,22500.0,36604709.61,1461671.4,0.039931,1,0.0,0.0,15
S4,J,大型,助餐:11.00|日间照料:22.00|上门护理:36.00|康复理疗:30.80|助浴:32.50|紧急救助:0.00,助餐:0.90|日间照料:0.90|上门护理:0.75|康复理疗:0.90|助浴:0.60|紧急救助:1.00,0.841667,0.770833,0.770833,37702217.72,949000.0,35533312.95,1606000.0,22500.0,37161812.95,1489404.77,0.040079,1,0.0,0.0,16
S4,J,大型,助餐:10.00|日间照料:22.00|上门护理:45.00|康复理疗:36.40|助浴:37.50|紧急救助:0.00,助餐:1.00|日间照料:0.90|上门护理:0.60|康复理疗:0.60|助浴:0.60|紧急救助:1.00,0.783333,0.741667,0.741667,36190399.77,949000.0,34079554.59,1606000.0,22500.0,35708054.59,1431345.18,0.040085,1,0.0,0.0,17
S4,J,大型,助餐:12.00|日间照料:20.00|上门护理:39.00|康复理疗:33.60|助浴:50.00|紧急救助:0.00,助餐:0.75|日间照料:1.00|上门护理:0.60|康复理疗:0.75|助浴:0.60|紧急救助:1.00,0.783333,0.741667,0.741667,36458185.87,949000.0,34343849.51,1606000.0,22500.0,35972349.51,1434836.35,0.039887,1,0.0,0.0,18
S4,J,大型,助餐:12.00|日间照料:22.00|上门护理:39.00|康复理疗:36.40|助浴:37.50|紧急救助:0.00,助餐:0.75|日间照料:0.90|上门护理:0.60|康复理疗:0.60|助浴:0.60|紧急救助:1.00,0.741667,0.720833,0.720833,36312470.58,949000.0,34195869.64,1606000.0,22500.0,35824369.64,1437100.94,0.040115,1,0.0,0.0,19
S4,J,大型,助餐:13.00|日间照料:20.00|上门护理:30.00|康复理疗:30.80|助浴:32.50|紧急救助:0.00,助餐:0.60|日间照料:1.00|上门护理:1.00|康复理疗:0.90|助浴:0.60|紧急救助:1.00,0.85,0.775,0.775,38385721.86,949000.0,36188925.56,1606000.0,22500.0,37817425.56,1517296.31,0.040122,1,0.0,0.0,20
S4,J,大型,助餐:10.00|日间照料:22.00|上门护理:30.00|康复理疗:30.80|助浴:25.00|紧急救助:0.00,助餐:1.00|日间照料:0.90|上门护理:1.00|康复理疗:0.90|助浴:1.00|紧急救助:1.00,0.966667,0.833333,0.833333,39861688.17,949000.0,37014039.39,1606000.0,22500.0,38642539.39,2168148.79,0.056108,1,0.0,0.0,21
S4,J,大型,助餐:10.00|日间照料:22.00|上门护理:33.00|康复理疗:28.00|助浴:25.00|紧急救助:0.00,助餐:1.00|日间照料:0.90|上门护理:0.90|康复理疗:1.00|助浴:1.00|紧急救助:1.00,0.966667,0.833333,0.833333,39636465.32,949000.0,36818223.3,1606000.0,22500.0,38446723.3,2138742.02,0.055629,1,0.0,0.0,22
S4,J,大型,助餐:11.00|日间照料:20.00|上门护理:30.00|康复理疗:28.00|助浴:27.50|紧急救助:0.00,助餐:0.90|日间照料:1.00|上门护理:1.00|康复理疗:1.00|助浴:0.90|紧急救助:1.00,0.966667,0.833333,0.833333,39420353.2,949000.0,37277077.53,1606000.0,22500.0,38905577.53,1463775.67,0.037624,1,0.0,0.0,23
S4,J,大型,助餐:11.00|日间照料:20.00|上门护理:30.00|康复理疗:30.80|助浴:25.00|紧急救助:0.00,助餐:0.90|日间照料:1.00|上门护理:1.00|康复理疗:0.90|助浴:1.00|紧急救助:1.00,0.966667,0.833333,0.833333,39722897.45,949000.0,37181834.76,1606000.0,22500.0,38810334.76,1861562.69,0.047966,1,0.0,0.0,24
S4,J,大型,助餐:11.00|日间照料:20.00|上门护理:33.00|康复理疗:28.00|助浴:25.00|紧急救助:0.00,助餐:0.90|日间照料:1.00|上门护理:0.90|康复理疗:1.00|助浴:1.00|紧急救助:1.00,0.966667,0.833333,0.833333,39497674.6,949000.0,36981802.64,1606000.0,22500.0,38610302.64,1836371.96,0.047562,1,0.0,0.0,25
S4,J,大型,助餐:11.00|日间照料:22.00|上门护理:30.00|康复理疗:28.00|助浴:25.00|紧急救助:0.00,助餐:0.90|日间照料:0.90|上门护理:1.00|康复理疗:1.00|助浴:1.00|紧急救助:1.00,0.966667,0.833333,0.833333,40305838.62,949000.0,36912285.88,1606000.0,22500.0,38540785.88,2714052.74,0.07042,1,0.0,0.0,26
S4,J,大型,助餐:10.00|日间照料:20.00|上门护理:30.00|康复理疗:28.00|助浴:30.00|紧急救助:0.00,助餐:1.00|日间照料:1.00|上门护理:1.00|康复理疗:1.00|助浴:0.75|紧急救助:1.00,0.958333,0.829167,0.829167,38462066.77,949000.0,37464285.12,1606000.0,22500.0,39092785.12,318281.65,0.008142,1,0.0,0.0,27
S4,J,大型,助餐:10.00|日间照料:20.00|上门护理:30.00|康复理疗:33.60|助浴:25.00|紧急救助:0.00,助餐:1.00|日间照料:1.00|上门护理:1.00|康复理疗:0.75|助浴:1.00|紧急救助:1.00,0.958333,0.829167,0.829167,39073848.99,949000.0,37279278.6,1606000.0,22500.0,38907778.6,1115070.39,0.028659,1,0.0,0.0,28
S4,J,大型,助餐:10.00|日间照料:20.00|上门护理:36.00|康复理疗:28.00|助浴:25.00|紧急救助:0.00,助餐:1.00|日间照料:1.00|上门护理:0.75|康复理疗:1.00|助浴:1.00|紧急救助:1.00,0.958333,0.829167,0.829167,38634159.79,949000.0,36888062.65,1606000.0,22500.0,38516562.65,1066597.14,0.027692,1,0.0,0.0,29
S4,J,大型,助餐:10.00|日间照料:24.00|上门护理:30.00|康复理疗:28.00|助浴:25.00|紧急救助:0.00,助餐:1.00|日间照料:0.75|上门护理:1.00|康复理疗:1.00|助浴:1.00|紧急救助:1.00,0.958333,0.829167,0.829167,40237309.98,949000.0,36745354.68,1606000.0,22500.0,38373854.68,2812455.31,0.073291,1,0.0,0.0,30
